#
# TABLE STRUCTURE FOR: author
#

DROP TABLE IF EXISTS `author`;

CREATE TABLE `author` (
  `id` int(255) NOT NULL AUTO_INCREMENT,
  `name` varchar(255) NOT NULL,
  `age` varchar(255) DEFAULT 'Unknown',
  `gender` varchar(255) NOT NULL,
  `email` varchar(255) DEFAULT 'Unknown',
  `contact` varchar(255) DEFAULT 'Unknown',
  `bio` varchar(255) DEFAULT 'Not Available',
  PRIMARY KEY (`id`),
  KEY `id` (`id`)
) ENGINE=InnoDB AUTO_INCREMENT=101 DEFAULT CHARSET=utf8 COLLATE=utf8_general_ci;

INSERT INTO `author` (`id`, `name`, `age`, `gender`, `email`, `contact`, `bio`) VALUES (1, 'Prof. Luther Baumbach', '35', '', 'roosevelt90@kohlerhyatt.info', '(127)281-3073x96081', 'Non quo ratione voluptas itaque consequatur ea. Unde natus pariatur reprehenderit quo necessitatibus at. Et deserunt enim eius est totam aliquid. Impedit laborum dolorem optio sed sint illum possimus.');
INSERT INTO `author` (`id`, `name`, `age`, `gender`, `email`, `contact`, `bio`) VALUES (2, 'Mr. Sherman Kertzmann I', '46', '', 'marquardt.gavin@ferry.com', '1-503-510-0195x378', 'Rerum ut reiciendis omnis omnis. Ipsa sunt deserunt ea facilis. Non nulla pariatur maxime adipisci ratione explicabo. Deserunt doloremque doloribus tempora neque voluptas ut. Sint praesentium natus aut nam earum.');
INSERT INTO `author` (`id`, `name`, `age`, `gender`, `email`, `contact`, `bio`) VALUES (3, 'Mrs. Hulda Ritchie', '73', '', 'mariela19@yahoo.com', '(333)016-5937', 'Et quis natus sit vel. In tempore praesentium corporis veritatis quibusdam. Laboriosam velit harum tempore nulla aperiam.');
INSERT INTO `author` (`id`, `name`, `age`, `gender`, `email`, `contact`, `bio`) VALUES (4, 'Marcos Bosco', '51', '', 'michelle.kiehn@hotmail.com', '07169764752', 'Totam possimus fuga perferendis sit et at. Totam dolore iste harum itaque est. Quas sequi quod consequatur alias.');
INSERT INTO `author` (`id`, `name`, `age`, `gender`, `email`, `contact`, `bio`) VALUES (5, 'Mr. Logan Hammes Sr.', '44', '', 'sydnie.harber@nienow.com', '(428)637-9372', 'Cumque explicabo dolorum quisquam dignissimos. Quis in est et magni modi nihil. Dolorem ipsa ut exercitationem fugiat dolore similique. Placeat et ad voluptatem alias optio.');
INSERT INTO `author` (`id`, `name`, `age`, `gender`, `email`, `contact`, `bio`) VALUES (6, 'Mack Hermann', '71', '', 'iluettgen@gmail.com', '(987)047-5545x99120', 'Et sed est aut quam necessitatibus et omnis quis. Itaque rerum sequi qui inventore.');
INSERT INTO `author` (`id`, `name`, `age`, `gender`, `email`, `contact`, `bio`) VALUES (7, 'Meghan Kuhic', '62', '', 'nikki.quigley@gmail.com', '402-594-9501x8235', 'Pariatur nisi veritatis corporis deleniti molestiae. Ut est ut earum non nam consectetur. Voluptatem odio laboriosam adipisci ex minus tenetur neque.');
INSERT INTO `author` (`id`, `name`, `age`, `gender`, `email`, `contact`, `bio`) VALUES (8, 'Sadye Heller', '30', '', 'jamir46@jacobijacobson.org', '(236)242-5992', 'Est quidem quod quia aut error vel. Inventore qui natus doloremque rem provident. Qui facilis consequatur id ducimus dolores. Eaque voluptate non et ab sunt sit molestiae.');
INSERT INTO `author` (`id`, `name`, `age`, `gender`, `email`, `contact`, `bio`) VALUES (9, 'Jess Runte', '59', '', 'hardy26@hahnstracke.com', '322.202.4301', 'Iste sint quibusdam illum iste quidem. Ut non porro sunt aut illum est et. Vero eos est aperiam sint ab.');
INSERT INTO `author` (`id`, `name`, `age`, `gender`, `email`, `contact`, `bio`) VALUES (10, 'Edgar Parker', '61', '', 'allan.friesen@hotmail.com', '630-146-9172x32014', 'Distinctio qui excepturi sed dicta voluptas et rerum sint. Dolorum et aut exercitationem quia accusantium. Repellat consequatur qui non ipsam sunt. Enim tenetur et consequuntur omnis molestiae.');
INSERT INTO `author` (`id`, `name`, `age`, `gender`, `email`, `contact`, `bio`) VALUES (11, 'Agnes Friesen', '85', '', 'rschmidt@gmail.com', '439.327.4216x740', 'Quasi harum voluptatum rerum molestias. Voluptas debitis dolorem voluptas fugiat vel quia temporibus.');
INSERT INTO `author` (`id`, `name`, `age`, `gender`, `email`, `contact`, `bio`) VALUES (12, 'Angie Luettgen V', '34', '', 'mcglynn.kirsten@baumbach.biz', '368-568-6987', 'Dignissimos et sed accusantium quo accusantium beatae enim. Iusto illum distinctio sed esse rerum quaerat. Quod eum qui veritatis sapiente dolores. Suscipit fuga enim qui recusandae.');
INSERT INTO `author` (`id`, `name`, `age`, `gender`, `email`, `contact`, `bio`) VALUES (13, 'Reilly Konopelski', '61', '', 'powlowski.holly@hyatt.com', '1-122-394-7099x6962', 'Voluptates quos ducimus ea est ex magnam. Autem quis sunt dolores iusto totam sint aut est. Eum et hic cumque dolores fuga.');
INSERT INTO `author` (`id`, `name`, `age`, `gender`, `email`, `contact`, `bio`) VALUES (14, 'Josie Johns', '83', '', 'aylin69@hotmail.com', '(207)091-4067', 'At mollitia aperiam ut quibusdam eos minus voluptas. Delectus corporis libero quidem quam aut ea nobis ab. Sapiente commodi labore incidunt amet.');
INSERT INTO `author` (`id`, `name`, `age`, `gender`, `email`, `contact`, `bio`) VALUES (15, 'Eveline Weissnat Sr.', '86', '', 'west.lyric@beerjacobs.com', '(752)728-3171x482', 'Omnis omnis velit laudantium et corrupti dolorum. Voluptas voluptate dolorem tempore. Mollitia quia quia quia suscipit amet repudiandae. Ipsam aliquid at quas qui officiis.');
INSERT INTO `author` (`id`, `name`, `age`, `gender`, `email`, `contact`, `bio`) VALUES (16, 'Octavia Price MD', '36', '', 'aolson@gmail.com', '730.220.7038', 'Saepe rerum reiciendis sunt. Maiores odio quaerat officiis rerum minus. Quis consequatur repellat quia quaerat a eius est.');
INSERT INTO `author` (`id`, `name`, `age`, `gender`, `email`, `contact`, `bio`) VALUES (17, 'Jaquelin Strosin', '47', '', 'dach.kamryn@jacobsbashirian.com', '(376)001-7232', 'Doloremque et ipsa necessitatibus a autem sint. Inventore iure et sed libero accusamus accusamus. Iusto ut consectetur eaque.');
INSERT INTO `author` (`id`, `name`, `age`, `gender`, `email`, `contact`, `bio`) VALUES (18, 'Blaze Wehner', '74', '', 'brielle30@marquardt.com', '731-378-2272x60656', 'Et nam dicta culpa. At quis consequatur molestiae. Architecto nesciunt eum cum tempora eaque.');
INSERT INTO `author` (`id`, `name`, `age`, `gender`, `email`, `contact`, `bio`) VALUES (19, 'Katelin Boyer', '100', '', 'abner22@yahoo.com', '1-396-410-8804', 'Accusamus atque id doloribus vel dolorem exercitationem consectetur. Voluptatem voluptatem quam consequatur molestias culpa qui.');
INSERT INTO `author` (`id`, `name`, `age`, `gender`, `email`, `contact`, `bio`) VALUES (20, 'Marge Schimmel', '26', '', 'tremaine.keeling@hotmail.com', '711.119.1630x4571', 'Voluptatem omnis et repudiandae laudantium eius. Eveniet ipsam aut officiis laudantium labore alias. Sint illum quia esse et placeat non.');
INSERT INTO `author` (`id`, `name`, `age`, `gender`, `email`, `contact`, `bio`) VALUES (21, 'Jacquelyn Schamberger', '30', '', 'marcelina43@sipes.com', '1-369-525-8161', 'Omnis similique vel sint rem cumque provident aliquid. Laudantium est et libero deleniti modi. Repudiandae tempore porro eos et in molestiae. Maxime cum aliquam sed tenetur.');
INSERT INTO `author` (`id`, `name`, `age`, `gender`, `email`, `contact`, `bio`) VALUES (22, 'Kasey Auer Sr.', '38', '', 'jewell13@hellerhaley.info', '1-426-803-7593x65411', 'Unde alias qui dolores. Nostrum ab minus soluta aspernatur nobis debitis magnam asperiores. Laborum nostrum quisquam et.');
INSERT INTO `author` (`id`, `name`, `age`, `gender`, `email`, `contact`, `bio`) VALUES (23, 'Gilda Bergnaum', '54', '', 'janessa.auer@yahoo.com', '437-921-5198', 'Sequi quas cum omnis provident quia et et similique. Quia sint illum autem dicta. Dolores et et sed laborum et est. Repellat facere dolore architecto omnis voluptatibus consequuntur.');
INSERT INTO `author` (`id`, `name`, `age`, `gender`, `email`, `contact`, `bio`) VALUES (24, 'Dr. Johan Wilkinson', '29', '', 'bschneider@hotmail.com', '983.920.1482', 'Consequatur doloremque veritatis temporibus nihil earum ut. Est at ad voluptates omnis doloribus. Ea repellendus et repudiandae esse magni aut. Quas maxime vero laboriosam sunt. Ab molestias id et pariatur et earum.');
INSERT INTO `author` (`id`, `name`, `age`, `gender`, `email`, `contact`, `bio`) VALUES (25, 'Ms. Megane Kessler V', '95', '', 'aubrey.wiza@yahoo.com', '+94(7)3493475213', 'Provident molestias voluptatem voluptas omnis cupiditate at iusto maxime. Perferendis delectus eius qui.');
INSERT INTO `author` (`id`, `name`, `age`, `gender`, `email`, `contact`, `bio`) VALUES (26, 'Mrs. Petra Collier Sr.', '76', '', 'amparo68@hotmail.com', '(324)474-2901x202', 'Et blanditiis quia quasi dolore placeat minus reiciendis. Fugit aut placeat aut rerum sunt. Numquam voluptas quo quo amet laborum maiores mollitia. Dolorum aut cumque voluptatibus. Modi amet id assumenda facere quae ea.');
INSERT INTO `author` (`id`, `name`, `age`, `gender`, `email`, `contact`, `bio`) VALUES (27, 'Scotty Leannon', '26', '', 'clint.homenick@oreilly.com', '006-157-8061x4968', 'Quibusdam molestiae amet facilis quaerat. Est dicta rem et dolore. Minus quia aliquid aliquam vitae est est ullam. Soluta tenetur quisquam est voluptatem.');
INSERT INTO `author` (`id`, `name`, `age`, `gender`, `email`, `contact`, `bio`) VALUES (28, 'Carmel Parker', '67', '', 'darrin20@collinssmitham.com', '138.760.1101x181', 'Odio quibusdam veniam eveniet blanditiis iusto quos velit. Numquam perferendis qui perspiciatis nobis voluptatem cumque eaque maxime. Magni in sit ratione dicta est mollitia facere cupiditate.');
INSERT INTO `author` (`id`, `name`, `age`, `gender`, `email`, `contact`, `bio`) VALUES (29, 'Mr. Cale Luettgen', '43', '', 'spowlowski@welch.com', '897.161.9854', 'Ut error dolorum nulla officia est architecto. Ducimus doloribus mollitia aut iusto minima rerum voluptatem. Hic minus a ratione suscipit et. Corporis modi aut natus dolor.');
INSERT INTO `author` (`id`, `name`, `age`, `gender`, `email`, `contact`, `bio`) VALUES (30, 'Magali Beahan Jr.', '71', '', 'mluettgen@gmail.com', '1-848-604-8760', 'Et molestias sit voluptatem impedit ut veniam. Non earum et iusto. Suscipit est nobis impedit cupiditate vitae iste.');
INSERT INTO `author` (`id`, `name`, `age`, `gender`, `email`, `contact`, `bio`) VALUES (31, 'Prof. Ted Weimann', '24', '', 'justina.kertzmann@nitzscheromaguera.com', '04722910389', 'Aut et quo non fugit recusandae. Omnis quam sed consectetur iste mollitia consequuntur ipsam eum. Quo dolorum cum sed est.');
INSERT INTO `author` (`id`, `name`, `age`, `gender`, `email`, `contact`, `bio`) VALUES (32, 'Damon Wehner', '69', '', 'qadams@borer.com', '650-102-8855', 'Atque facere iure magni maxime ut id totam harum. Soluta autem libero sint numquam. Repellat et aliquam dolores distinctio. Quis at alias quisquam.');
INSERT INTO `author` (`id`, `name`, `age`, `gender`, `email`, `contact`, `bio`) VALUES (33, 'Henri Hoppe', '17', '', 'anne.yost@fadeldeckow.net', '1-941-396-3602', 'Qui eaque aspernatur perferendis qui voluptatem ipsum. Quidem delectus qui facilis qui.');
INSERT INTO `author` (`id`, `name`, `age`, `gender`, `email`, `contact`, `bio`) VALUES (34, 'Carlo Ebert PhD', '95', '', 'rollin.block@bogan.com', '926-183-3344x7019', 'Omnis qui qui sapiente delectus eos odit est eaque. Eligendi pariatur quos mollitia sapiente pariatur. Commodi libero ratione quos.');
INSERT INTO `author` (`id`, `name`, `age`, `gender`, `email`, `contact`, `bio`) VALUES (35, 'Abigale Lemke', '62', '', 'kelsi.bartoletti@gmail.com', '03616081424', 'Ipsam et eos rerum numquam repellendus numquam. Ut dolorem qui nihil. Perspiciatis quibusdam voluptatem id enim eum autem temporibus.');
INSERT INTO `author` (`id`, `name`, `age`, `gender`, `email`, `contact`, `bio`) VALUES (36, 'Dr. Roxane Bernier III', '85', '', 'will.jewel@yahoo.com', '1-706-282-2382', 'Ut rerum dolorem voluptate minus. Eos sapiente magni qui sint. Velit est alias et est necessitatibus culpa.');
INSERT INTO `author` (`id`, `name`, `age`, `gender`, `email`, `contact`, `bio`) VALUES (37, 'Bernhard Cassin III', '81', '', 'diego.jenkins@yahoo.com', '245-390-5157x9125', 'Et quis placeat magni et voluptatum maiores aut voluptas. Sit et doloremque quibusdam rerum porro minima debitis. Eum enim et voluptatum aut inventore officiis. Voluptatum ut natus aut et pariatur explicabo qui harum.');
INSERT INTO `author` (`id`, `name`, `age`, `gender`, `email`, `contact`, `bio`) VALUES (38, 'Dr. Jennings O\'Keefe Sr.', '44', '', 'bhettinger@yahoo.com', '(671)857-9094x3142', 'Ab sequi placeat dolores. Nihil officiis laudantium molestiae. Rerum pariatur unde explicabo voluptates labore.');
INSERT INTO `author` (`id`, `name`, `age`, `gender`, `email`, `contact`, `bio`) VALUES (39, 'Garnett Toy', '35', '', 'ebraun@yahoo.com', '(653)879-7468x88620', 'Eaque totam tenetur cupiditate pariatur sapiente quae. Mollitia itaque dignissimos hic voluptate. Repellat ducimus rerum deserunt repellendus non numquam distinctio. Consequatur ratione et ipsam mollitia non omnis sit aut.');
INSERT INTO `author` (`id`, `name`, `age`, `gender`, `email`, `contact`, `bio`) VALUES (40, 'Mr. Blaise Lubowitz', '61', '', 'madonna.walter@gmail.com', '897-787-5509', 'Sit omnis omnis incidunt veritatis atque. Minima assumenda quis dolor. Repudiandae quae qui nemo quos eaque aut. Consequatur aliquid assumenda laboriosam quisquam commodi ipsam. Eos fuga reprehenderit non veritatis aut.');
INSERT INTO `author` (`id`, `name`, `age`, `gender`, `email`, `contact`, `bio`) VALUES (41, 'Mrs. Emilia Sipes', '61', '', 'herbert84@quigley.com', '437.943.9945', 'Unde qui ut consequatur cum voluptate est hic odio. Minus sed earum ducimus provident omnis qui. Sint vel dolorem ut quas.');
INSERT INTO `author` (`id`, `name`, `age`, `gender`, `email`, `contact`, `bio`) VALUES (42, 'Bartholome Brown', '57', '', 'jazmyne29@gmail.com', '264-287-7758x7059', 'Ipsa voluptatem voluptas ipsa delectus laborum consequatur. Facere laudantium facere aut similique officiis omnis. Aut dolor non doloribus qui reprehenderit eius maiores.');
INSERT INTO `author` (`id`, `name`, `age`, `gender`, `email`, `contact`, `bio`) VALUES (43, 'Prof. Claire Breitenberg V', '32', '', 'bcorkery@bradtke.com', '479-451-8798x973', 'Iure distinctio qui sunt quibusdam nam. Vel dolorum doloribus voluptatem voluptatem natus ex est. Commodi et neque et est cupiditate quas. Deserunt nihil reprehenderit laudantium laudantium.');
INSERT INTO `author` (`id`, `name`, `age`, `gender`, `email`, `contact`, `bio`) VALUES (44, 'Antwon Collier', '23', '', 'mack70@frami.com', '1-879-282-6674x788', 'Placeat cupiditate in magni. Facere laboriosam eum qui recusandae debitis officiis eos. Odit ad ea et ex sapiente dignissimos a. Laborum sit nostrum nisi numquam quod soluta repudiandae et.');
INSERT INTO `author` (`id`, `name`, `age`, `gender`, `email`, `contact`, `bio`) VALUES (45, 'Loren Gusikowski', '21', '', 'borer.andre@upton.net', '086.768.5225x763', 'Laboriosam possimus aut aut facere consequatur nesciunt. Voluptatem vitae non ut. Ut earum eum est sed sit totam ut.');
INSERT INTO `author` (`id`, `name`, `age`, `gender`, `email`, `contact`, `bio`) VALUES (46, 'Jeffrey Wolf', '43', '', 'gregg00@hotmail.com', '572-729-5809', 'Aliquid impedit voluptatem voluptas harum ut. Dolorem corrupti mollitia eligendi ducimus et libero aliquam. Ipsa ad qui cumque sit provident molestiae. Voluptates qui quisquam quos voluptate qui dignissimos iusto in.');
INSERT INTO `author` (`id`, `name`, `age`, `gender`, `email`, `contact`, `bio`) VALUES (47, 'Clotilde Stiedemann', '77', '', 'kharber@hotmail.com', '01457189720', 'Nam voluptate voluptates porro vel iure. Cumque perspiciatis culpa velit eveniet veritatis ut. Quidem voluptates at voluptate eligendi.');
INSERT INTO `author` (`id`, `name`, `age`, `gender`, `email`, `contact`, `bio`) VALUES (48, 'Ethyl Lockman', '20', '', 'gunnar.pagac@hotmail.com', '1-704-408-1566x621', 'Facere natus praesentium qui. Nisi illo molestiae et iusto repudiandae nulla. Est fugit optio autem ut ipsum rem. Dolore nisi a nemo esse aliquid qui fugiat.');
INSERT INTO `author` (`id`, `name`, `age`, `gender`, `email`, `contact`, `bio`) VALUES (49, 'Julien Bailey', '51', '', 'friedrich.west@brekke.biz', '+37(3)9387050298', 'Eius eaque et nostrum culpa. Molestias rem vel in quae atque ducimus eos. Vel aliquid et quia velit autem. Eos rerum quo ullam repudiandae nisi iste error.');
INSERT INTO `author` (`id`, `name`, `age`, `gender`, `email`, `contact`, `bio`) VALUES (50, 'Dr. Elmo Jaskolski', '69', '', 'demarcus.rippin@pfannerstill.com', '+09(7)9210307531', 'Eaque deserunt necessitatibus eveniet expedita eligendi labore suscipit. Amet ut saepe accusantium ut laudantium qui architecto optio. Minima rerum aut dolorem accusantium. Vel fugit ut explicabo ipsa rerum.');
INSERT INTO `author` (`id`, `name`, `age`, `gender`, `email`, `contact`, `bio`) VALUES (51, 'Birdie Volkman', '99', '', 'kamryn21@gmail.com', '225-620-9730x4312', 'Doloremque dolor nobis debitis accusantium enim. Quas doloremque quo eaque voluptatem necessitatibus inventore.');
INSERT INTO `author` (`id`, `name`, `age`, `gender`, `email`, `contact`, `bio`) VALUES (52, 'Ashleigh Kilback', '79', '', 'hklein@hotmail.com', '400-882-7077', 'Aut occaecati impedit tenetur ipsa dicta minus accusamus. Consectetur sed doloribus reiciendis tempore nam voluptatem. Voluptatem sit aspernatur animi assumenda sed odio. Ut rem soluta est asperiores hic autem.');
INSERT INTO `author` (`id`, `name`, `age`, `gender`, `email`, `contact`, `bio`) VALUES (53, 'Mr. Demond Heaney', '80', '', 'itzel.bogan@collier.biz', '106-020-6340x06993', 'Voluptatum voluptatem et sit magni beatae enim dolore. Aperiam quia autem corporis dicta et laborum inventore. Nihil assumenda deleniti doloremque. Ea id saepe dolores aut.');
INSERT INTO `author` (`id`, `name`, `age`, `gender`, `email`, `contact`, `bio`) VALUES (54, 'Mr. Destin Ratke', '34', '', 'homenick.tracy@yahoo.com', '265.889.2263', 'Quo in eum eum dolorem perspiciatis tenetur et vero. Nam eligendi iste at nesciunt. Officiis in esse atque dolorum deserunt. Ipsam eum ad dolor velit.');
INSERT INTO `author` (`id`, `name`, `age`, `gender`, `email`, `contact`, `bio`) VALUES (55, 'Prof. Elmer Sipes DDS', '82', '', 'bechtelar.hadley@heidenreich.com', '125-939-8202x899', 'Sed consequatur aut alias ipsam consequatur. Quis quia nisi officia facere enim aut. Ratione non libero ut et voluptas et. Et et in in aspernatur id beatae esse.');
INSERT INTO `author` (`id`, `name`, `age`, `gender`, `email`, `contact`, `bio`) VALUES (56, 'Jedidiah Feeney', '70', '', 'hackett.dustin@renner.com', '01373170532', 'Animi vitae earum molestiae sit aut dolor cupiditate. Mollitia incidunt sit aut repellat iusto omnis enim. Maiores assumenda velit et dolorum. Assumenda sit unde numquam saepe totam.');
INSERT INTO `author` (`id`, `name`, `age`, `gender`, `email`, `contact`, `bio`) VALUES (57, 'Roderick Kemmer', '97', '', 'giles.hagenes@kilback.net', '1-562-791-3670', 'Deleniti nesciunt odit eligendi quis. Iste quis accusamus blanditiis laborum saepe dolore et.');
INSERT INTO `author` (`id`, `name`, `age`, `gender`, `email`, `contact`, `bio`) VALUES (58, 'Ms. Katrine Rosenbaum', '24', '', 'whagenes@jast.info', '559-268-6971x35188', 'Aperiam consequatur enim veritatis vitae quia dolore sit. Mollitia qui est quidem corrupti id odit sed. Modi voluptatem distinctio corporis cum eveniet.');
INSERT INTO `author` (`id`, `name`, `age`, `gender`, `email`, `contact`, `bio`) VALUES (59, 'Gladyce Ratke', '26', '', 'nash.greenfelder@yahoo.com', '940-972-7274x27920', 'Totam magnam libero quis sit aspernatur alias sint. Dolor qui molestiae voluptas blanditiis necessitatibus. Corporis assumenda aut voluptas modi. Tenetur deserunt ad distinctio sequi quos non eaque. Vel laboriosam aut consectetur.');
INSERT INTO `author` (`id`, `name`, `age`, `gender`, `email`, `contact`, `bio`) VALUES (60, 'Rosa Deckow', '84', '', 'shirley89@wehnerpfeffer.com', '481-091-8793', 'Dignissimos sint debitis aut debitis natus unde. At dolorum ut eaque enim voluptatem voluptas. Excepturi libero ut at. Quis fuga deleniti quo quam rerum sequi expedita itaque.');
INSERT INTO `author` (`id`, `name`, `age`, `gender`, `email`, `contact`, `bio`) VALUES (61, 'Krystina Wehner', '16', '', 'jaydon60@hotmail.com', '(096)601-9650x17978', 'Molestiae quaerat incidunt ea et dolor tempora ut. Et facilis nostrum aut eos ex veritatis quis. Qui harum labore error perferendis. Quo et quia ipsa tempore dolor dolore.');
INSERT INTO `author` (`id`, `name`, `age`, `gender`, `email`, `contact`, `bio`) VALUES (62, 'Rafael Schuster III', '15', '', 'bmaggio@hotmail.com', '(818)190-2233x762', 'Ut sit quam iure id et doloremque. Voluptatem et quia sint temporibus. Similique libero aspernatur eius neque nihil consequuntur. Sint consequuntur velit maxime facilis tempore sed mollitia.');
INSERT INTO `author` (`id`, `name`, `age`, `gender`, `email`, `contact`, `bio`) VALUES (63, 'Rasheed Keebler', '30', '', 'steuber.marilou@hotmail.com', '1-761-801-0233x69228', 'Sit iure facilis dolorem eum. Asperiores et id sit nobis. Ea nihil iure ut fugiat impedit.');
INSERT INTO `author` (`id`, `name`, `age`, `gender`, `email`, `contact`, `bio`) VALUES (64, 'Prof. Florian Runolfsson MD', '82', '', 'abshire.deon@gmail.com', '336.763.5791x8960', 'Id ducimus officiis vitae recusandae optio culpa ab. Itaque praesentium non adipisci non aliquam commodi optio. Recusandae aliquid sit dolor optio enim dolores.');
INSERT INTO `author` (`id`, `name`, `age`, `gender`, `email`, `contact`, `bio`) VALUES (65, 'Miss Millie Hodkiewicz I', '55', '', 'jarret.cormier@gmail.com', '1-548-083-9204', 'Porro quae mollitia officiis sed odit aut nisi. Consectetur facere at perferendis et. Incidunt dolorem accusantium repudiandae cupiditate animi inventore.');
INSERT INTO `author` (`id`, `name`, `age`, `gender`, `email`, `contact`, `bio`) VALUES (66, 'Dr. Daniela Purdy DDS', '89', '', 'bauch.tracey@lowe.com', '026-056-5240x3064', 'Esse et totam cumque unde. Quo aperiam praesentium corporis et ducimus doloribus vitae.');
INSERT INTO `author` (`id`, `name`, `age`, `gender`, `email`, `contact`, `bio`) VALUES (67, 'Benton Berge', '74', '', 'retha.cremin@gmail.com', '(706)072-9274x045', 'Eaque fuga voluptas exercitationem eaque voluptatum quis asperiores inventore. Quia numquam molestiae est est quia. Molestias qui quod tenetur.');
INSERT INTO `author` (`id`, `name`, `age`, `gender`, `email`, `contact`, `bio`) VALUES (68, 'Nelson Hudson', '84', '', 'stroman.quinton@bashirian.biz', '00526014657', 'Minima quaerat in commodi earum nisi minus minus. Dolore ut blanditiis ducimus consequatur culpa. Atque laboriosam placeat libero quisquam illum deleniti.');
INSERT INTO `author` (`id`, `name`, `age`, `gender`, `email`, `contact`, `bio`) VALUES (69, 'Javier Klein', '22', '', 'zpollich@nolan.com', '1-197-724-0253x29245', 'Ut eligendi qui non esse blanditiis eos. Sed possimus pariatur libero officiis error. Illum enim provident ut temporibus. Et modi repudiandae in omnis atque.');
INSERT INTO `author` (`id`, `name`, `age`, `gender`, `email`, `contact`, `bio`) VALUES (70, 'Julien Gulgowski V', '18', '', 'heaney.clarissa@prosaccoemmerich.com', '+12(6)9256961410', 'Ex maxime aut voluptatem ut animi. Hic totam voluptatem quod accusantium. Quia atque natus ipsam repudiandae delectus eveniet et. Necessitatibus vero et maxime nihil qui voluptatum sint occaecati.');
INSERT INTO `author` (`id`, `name`, `age`, `gender`, `email`, `contact`, `bio`) VALUES (71, 'Mrs. Clare Hackett V', '57', '', 'virginia07@gmail.com', '(989)738-4070', 'Aut voluptas praesentium iusto nesciunt. Qui dolore et provident voluptates et. Officia ut iste ratione voluptate in consequatur. Alias voluptatem ipsum qui molestiae.');
INSERT INTO `author` (`id`, `name`, `age`, `gender`, `email`, `contact`, `bio`) VALUES (72, 'Charles Marvin', '100', '', 'winona.johnston@anderson.net', '(443)075-3587x28714', 'Optio iure rerum voluptatem iusto rerum. Quam repudiandae quo est exercitationem rerum iusto id. Aut rerum repellendus ut rerum aperiam ipsam voluptatem.');
INSERT INTO `author` (`id`, `name`, `age`, `gender`, `email`, `contact`, `bio`) VALUES (73, 'Janice Lang', '36', '', 'oruecker@dibbertbeahan.com', '1-045-220-6069', 'Rerum libero exercitationem odio. Harum illo aliquam et dolores et. Perspiciatis et placeat inventore est.');
INSERT INTO `author` (`id`, `name`, `age`, `gender`, `email`, `contact`, `bio`) VALUES (74, 'Mrs. Jazmyn Russel', '79', '', 'alena.cruickshank@yahoo.com', '1-073-136-8780', 'Dolorum ab reiciendis autem esse itaque sapiente. Aut ut qui provident ipsum delectus nisi. Sunt impedit dolor deserunt est aut et ab. Illum nostrum tenetur qui tenetur nobis impedit.');
INSERT INTO `author` (`id`, `name`, `age`, `gender`, `email`, `contact`, `bio`) VALUES (75, 'Heidi Zboncak', '59', '', 'xschmitt@ratke.com', '707.139.0877', 'Laboriosam officiis eum ut ab maxime molestiae eveniet. Error eum similique consequatur deleniti. Nobis cum enim sunt.');
INSERT INTO `author` (`id`, `name`, `age`, `gender`, `email`, `contact`, `bio`) VALUES (76, 'Dr. Leilani Stark', '65', '', 'kris95@langoshklocko.com', '1-712-740-2490x4170', 'Ut quod aliquid inventore architecto rerum et. Aut qui ullam minima ut voluptatem accusantium sit.');
INSERT INTO `author` (`id`, `name`, `age`, `gender`, `email`, `contact`, `bio`) VALUES (77, 'Prof. Tavares Sporer Sr.', '66', '', 'bbogan@gmail.com', '00249254573', 'Asperiores ex a est fugiat minima. Iure in blanditiis repellendus dolorem optio. Dignissimos eos eaque nihil voluptas quia. Placeat non totam sunt quas et adipisci.');
INSERT INTO `author` (`id`, `name`, `age`, `gender`, `email`, `contact`, `bio`) VALUES (78, 'Golden Berge', '93', '', 'brekke.jamal@yahoo.com', '743-313-0415', 'Ut autem animi aut voluptas. Doloribus nihil doloribus sed sit officia vel culpa quo.');
INSERT INTO `author` (`id`, `name`, `age`, `gender`, `email`, `contact`, `bio`) VALUES (79, 'Beau Koss', '80', '', 'krajcik.ibrahim@hermannsenger.com', '702-156-3871x4351', 'Blanditiis nemo laborum odio saepe aut. Dolores itaque quam odit inventore illum porro quo. Reprehenderit ipsa ab nisi maxime est debitis reprehenderit. Dignissimos id voluptates voluptas aut quod quos.');
INSERT INTO `author` (`id`, `name`, `age`, `gender`, `email`, `contact`, `bio`) VALUES (80, 'Francisca Bartoletti', '50', '', 'bernier.delphine@yahoo.com', '771.120.8083x11077', 'Sed omnis provident velit autem. Dolor adipisci molestias minima optio voluptatum quae aliquid. Maiores et totam minus maiores illo quis.');
INSERT INTO `author` (`id`, `name`, `age`, `gender`, `email`, `contact`, `bio`) VALUES (81, 'Dasia Conn', '28', '', 'luciano.hermann@hackett.com', '037-586-0118', 'Consectetur alias dolorem eum ut dolore nobis. Provident quae ad facere. Qui sed cum alias fuga et quidem qui.');
INSERT INTO `author` (`id`, `name`, `age`, `gender`, `email`, `contact`, `bio`) VALUES (82, 'Zelda Kozey', '92', '', 'sabryna14@gleason.com', '1-563-041-7430x15761', 'Ut laboriosam odit ea quia. Reiciendis natus voluptatem corrupti architecto. Accusamus nobis beatae reiciendis laboriosam accusamus modi.');
INSERT INTO `author` (`id`, `name`, `age`, `gender`, `email`, `contact`, `bio`) VALUES (83, 'Ms. Lyda Purdy', '19', '', 'magnus79@leuschke.net', '028.761.0939x24881', 'Nobis voluptas voluptatem excepturi sed mollitia. Nulla quo consequuntur optio aut occaecati qui doloremque. Magni accusantium exercitationem ratione sequi. Quam exercitationem magni est dolores porro atque.');
INSERT INTO `author` (`id`, `name`, `age`, `gender`, `email`, `contact`, `bio`) VALUES (84, 'Ardith Mohr', '71', '', 'davon.pfannerstill@yahoo.com', '171.017.7100x64124', 'Veritatis molestiae quia alias sed quia ut. Libero enim hic fugiat minus porro rem voluptas. Tempore rerum et unde doloremque modi vel unde. Voluptas sed impedit ipsa.');
INSERT INTO `author` (`id`, `name`, `age`, `gender`, `email`, `contact`, `bio`) VALUES (85, 'Virginie Denesik III', '97', '', 'boris11@gleichner.com', '1-903-155-3391x5332', 'Veritatis eum libero eum velit eius. Ut mollitia et ipsam vel necessitatibus enim molestias magni. Facere nihil dolores voluptatem ipsum officia voluptas fugiat suscipit. Provident ut quia commodi et culpa quia officia.');
INSERT INTO `author` (`id`, `name`, `age`, `gender`, `email`, `contact`, `bio`) VALUES (86, 'Dr. Bella Abshire I', '94', '', 'darion.kulas@franecki.com', '1-000-386-8750x62006', 'Odit dolores et ab. At rerum quia dolor tempore quia accusantium. Ea laudantium unde dolores dolores necessitatibus ratione omnis.');
INSERT INTO `author` (`id`, `name`, `age`, `gender`, `email`, `contact`, `bio`) VALUES (87, 'Luisa Stiedemann', '59', '', 'ncruickshank@hotmail.com', '(047)712-4842', 'Minima distinctio delectus quo eum laudantium eveniet minus sunt. Officia ratione est nobis nam sit. Nulla et voluptas perferendis asperiores. Eos ipsum nostrum sint veritatis possimus sunt ullam.');
INSERT INTO `author` (`id`, `name`, `age`, `gender`, `email`, `contact`, `bio`) VALUES (88, 'Joan Jacobi', '73', '', 'bartoletti.janae@hotmail.com', '1-011-758-2334x7254', 'Et vel omnis nihil et a. Explicabo velit aut debitis minima sit sint harum. Neque vel cum ut nisi ipsum ipsum at. At ratione et voluptatum et.');
INSERT INTO `author` (`id`, `name`, `age`, `gender`, `email`, `contact`, `bio`) VALUES (89, 'Dr. Jason Littel Jr.', '68', '', 'tschiller@lowe.info', '409.432.8073', 'Maiores dolores numquam qui quos. Quam dolor consectetur hic quidem voluptates perspiciatis est enim. Reiciendis rerum libero perspiciatis et. Eaque placeat vel eveniet sequi autem sed dicta dolorem.');
INSERT INTO `author` (`id`, `name`, `age`, `gender`, `email`, `contact`, `bio`) VALUES (90, 'Alessia O\'Hara IV', '44', '', 'qjones@boyle.com', '+87(3)8876414878', 'Est architecto sed aliquam dolor vitae mollitia est nostrum. Dolores nesciunt neque dolorem exercitationem tenetur voluptate. Aut nihil eos cumque sit fugiat eius tempore.');
INSERT INTO `author` (`id`, `name`, `age`, `gender`, `email`, `contact`, `bio`) VALUES (91, 'Bret Blick', '44', '', 'crist.ara@yahoo.com', '1-589-082-7981', 'Eius sed sit omnis voluptas eos accusantium consectetur. Nesciunt asperiores suscipit fuga atque impedit assumenda accusantium ut. Ea quas fuga vel. Ut sit consequatur quo magnam voluptates omnis.');
INSERT INTO `author` (`id`, `name`, `age`, `gender`, `email`, `contact`, `bio`) VALUES (92, 'Dr. Grayson Hilll', '56', '', 'jameson73@gmail.com', '(185)896-7503', 'Aut et neque ducimus non quia. Voluptatem perferendis ea alias inventore. Ullam illo atque molestiae aspernatur beatae rerum.');
INSERT INTO `author` (`id`, `name`, `age`, `gender`, `email`, `contact`, `bio`) VALUES (93, 'Ms. Francesca Ondricka III', '64', '', 'o\'kon.stan@whitemonahan.biz', '148-797-6400x003', 'Voluptatem architecto necessitatibus fugiat accusantium porro voluptatem. Quis mollitia sed illum architecto. Voluptatem alias cum fugiat voluptatem sapiente ullam totam.');
INSERT INTO `author` (`id`, `name`, `age`, `gender`, `email`, `contact`, `bio`) VALUES (94, 'Noemi Mann Jr.', '46', '', 'sarina47@corwin.com', '807-596-8194x144', 'Labore qui voluptatibus voluptate ea. Modi rerum quia consequatur velit quia quaerat. Ratione ab eius quidem earum repellendus eligendi suscipit amet.');
INSERT INTO `author` (`id`, `name`, `age`, `gender`, `email`, `contact`, `bio`) VALUES (95, 'Prof. Thurman Reynolds IV', '30', '', 'uwatsica@kundebeer.com', '1-552-188-1296', 'Et ipsa nobis laudantium quasi velit qui impedit voluptatem. Illum dolorum aut et totam. In dolorem temporibus et aliquid vel. Officia error nihil error quos rem.');
INSERT INTO `author` (`id`, `name`, `age`, `gender`, `email`, `contact`, `bio`) VALUES (96, 'Telly Marquardt', '64', '', 'slakin@hotmail.com', '07399474776', 'Iste architecto provident incidunt. Sint enim saepe voluptatem pariatur dignissimos.');
INSERT INTO `author` (`id`, `name`, `age`, `gender`, `email`, `contact`, `bio`) VALUES (97, 'Prof. Chaim Frami DVM', '97', '', 'kristian75@satterfield.info', '1-017-808-6449x763', 'Fugit tempore cupiditate perspiciatis sit quas velit laboriosam dignissimos. Modi consequatur consequatur optio nihil. Inventore aut inventore fuga eveniet ut rem.');
INSERT INTO `author` (`id`, `name`, `age`, `gender`, `email`, `contact`, `bio`) VALUES (98, 'Anastacio Kihn II', '27', '', 'o\'connell.america@gmail.com', '601-565-2946x261', 'Voluptatem debitis voluptatem voluptatem ut voluptate impedit. Explicabo saepe repudiandae praesentium consectetur error est sit. Aut doloremque harum neque quasi.');
INSERT INTO `author` (`id`, `name`, `age`, `gender`, `email`, `contact`, `bio`) VALUES (99, 'Jarret Okuneva', '84', '', 'kklocko@gmail.com', '(601)031-7876x960', 'Dolor maxime sint recusandae sapiente pariatur voluptas recusandae voluptatum. Excepturi qui quam esse consequatur. Sed nulla aliquam aut nihil earum dignissimos adipisci.');
INSERT INTO `author` (`id`, `name`, `age`, `gender`, `email`, `contact`, `bio`) VALUES (100, 'Shania Parker PhD', '20', '', 'iskiles@yahoo.com', '(215)401-6200', 'Ut eum sequi dolore accusamus assumenda. Ducimus itaque autem ea eos optio neque quo consequatur. Tempora omnis beatae debitis adipisci amet. Dolorum aut omnis saepe deleniti.');


#
# TABLE STRUCTURE FOR: book
#

DROP TABLE IF EXISTS `book`;

CREATE TABLE `book` (
  `id` int(255) NOT NULL AUTO_INCREMENT,
  `author_fk_id` int(255) NOT NULL,
  `publisher_fk_id` int(255) NOT NULL,
  `title` varchar(255) NOT NULL,
  `price` int(255) NOT NULL,
  PRIMARY KEY (`id`),
  KEY `author_fk_id` (`author_fk_id`,`publisher_fk_id`),
  KEY `publisher_fk_id` (`publisher_fk_id`),
  CONSTRAINT `book_ibfk_1` FOREIGN KEY (`publisher_fk_id`) REFERENCES `publisher` (`id`),
  CONSTRAINT `book_ibfk_2` FOREIGN KEY (`author_fk_id`) REFERENCES `author` (`id`)
) ENGINE=InnoDB AUTO_INCREMENT=101 DEFAULT CHARSET=utf8 COLLATE=utf8_general_ci;

INSERT INTO `book` (`id`, `author_fk_id`, `publisher_fk_id`, `title`, `price`) VALUES (1, 1, 1, 'not-marked-poison-it-is-you-hate-c-and-d-she-added-in-an-angry-tone-why-mary-ann-what-are-you-talking-to-said-the-caterpillar-well-ive-tried-to-open-it-but-as-the-whole-she-thought', 126);
INSERT INTO `book` (`id`, `author_fk_id`, `publisher_fk_id`, `title`, `price`) VALUES (2, 2, 2, 'pigeon-but-in-a-deep-hollow-tone-sit-down-both-of-you-and-dont-speak-a-word-till-ive-finished-so-they-went-up-to-her-lips-i-know-something-interesting-is-sure-to-happen-she-said-to', 248);
INSERT INTO `book` (`id`, `author_fk_id`, `publisher_fk_id`, `title`, `price`) VALUES (3, 3, 3, 'i-should-think-it-was-said-the-rabbit-hastily-interrupted-theres-a-great-thistle-to-keep-back-the-wandering-hair-that-would-always-get-into-her-face-and-was-immediately-suppressed-by-the', 263);
INSERT INTO `book` (`id`, `author_fk_id`, `publisher_fk_id`, `title`, `price`) VALUES (4, 4, 4, 'chapter-ii-the-pool-of-tears-curiouser-and-curiouser-cried-alice-she-was-obliged-to-write-this-down-on-one-of-them-even-when-they-hit-her-and-the-march-hare-said-in-a-moment-she-looked-up', 21);
INSERT INTO `book` (`id`, `author_fk_id`, `publisher_fk_id`, `title`, `price`) VALUES (5, 5, 5, 'alice-knew-it-was-your-table-said-alice-i-must-be-a-grin-and-she-very-soon-finished-off-the-subjects-on-his-spectacles-and-looked-along-the-sea-shore-two-lines-cried-the-mouse-in-a-more', 65);
INSERT INTO `book` (`id`, `author_fk_id`, `publisher_fk_id`, `title`, `price`) VALUES (6, 6, 6, 'alice-off-with-their-heads-down-and-make-their-eyes-bright-and-eager-with-many-a-strange-tale-perhaps-even-with-the-time-she-said-to-herself-his-eyes-are-so-very-remarkable-in-that-nor-did', 45);
INSERT INTO `book` (`id`, `author_fk_id`, `publisher_fk_id`, `title`, `price`) VALUES (7, 7, 7, 'hatter-continued-in-this-way-up-above-the-world-you-fly-like-a-tea-tray-in-the-last-concert-on-which-the-march-hare-who-had-spoken-first-thats-none-of-your-business-two-said-seven', 206);
INSERT INTO `book` (`id`, `author_fk_id`, `publisher_fk_id`, `title`, `price`) VALUES (8, 8, 8, 'her-chin-was-pressed-hard-against-it-that-attempt-proved-a-failure-alice-heard-the-king-exclaimed-turning-to-the-company-generally-you-are-all-pardoned-come-thats-a-good-deal-frightened-by', 210);
INSERT INTO `book` (`id`, `author_fk_id`, `publisher_fk_id`, `title`, `price`) VALUES (9, 9, 9, 'so-she-swallowed-one-of-the-lefthand-bit-of-the-bottle-was-not-marked-poison-it-is-right-in-my-youth-father-william-replied-to-his-son-i-feared-it-might-tell-her-something-worth-hearing', 105);
INSERT INTO `book` (`id`, `author_fk_id`, `publisher_fk_id`, `title`, `price`) VALUES (10, 10, 10, 'alice-whispered-that-its-done-by-everybody-minding-their-own-business-ah-well-it-means-much-the-same-size-for-going-through-the-doorway-and-even-if-my-head-would-go-through-thought-poor', 20);
INSERT INTO `book` (`id`, `author_fk_id`, `publisher_fk_id`, `title`, `price`) VALUES (11, 11, 11, 'alice-replied-rather-shyly-i-i-hardly-know-sir-just-at-present-at-least-i-mean-what-i-say-the-mock-turtle-said-advance-twice-set-to-partners-change-lobsters-and-retire-in-same', 57);
INSERT INTO `book` (`id`, `author_fk_id`, `publisher_fk_id`, `title`, `price`) VALUES (12, 12, 12, 'alice-like-the-queen-said-the-queen-it-proves-nothing-of-tumbling-down-stairs-how-brave-theyll-all-think-me-for-his-housemaid-she-said-this-she-looked-up-but-it-said-in-a-natural-way-i', 107);
INSERT INTO `book` (`id`, `author_fk_id`, `publisher_fk_id`, `title`, `price`) VALUES (13, 13, 13, 'cat-id-nearly-forgotten-to-ask-it-turned-into-a-large-piece-out-of-its-mouth-and-yawned-once-or-twice-she-had-someone-to-listen-to-me-ill-soon-make-you-a-song-oh-a-song-please-if-the', 37);
INSERT INTO `book` (`id`, `author_fk_id`, `publisher_fk_id`, `title`, `price`) VALUES (14, 14, 14, 'pray-what-is-the-same-thing-as-i-eat-what-i-say-the-mock-turtle-angrily-really-you-are-very-dull-you-ought-to-be-done-i-wonder-alice-guessed-who-it-was-and-as-the-doubled-up-soldiers', 146);
INSERT INTO `book` (`id`, `author_fk_id`, `publisher_fk_id`, `title`, `price`) VALUES (15, 15, 15, 'very-turn-up-nose-much-more-like-a-mouse-you-know-which-shall-sing-oh-you-sing-said-the-queen-sentence-first-verdict-afterwards-stuff-and-nonsense-said-alice-loudly-the-idea-of', 105);
INSERT INTO `book` (`id`, `author_fk_id`, `publisher_fk_id`, `title`, `price`) VALUES (16, 16, 16, 'queen-to-day-i-should-like-it-put-the-hookah-out-of-a-large-dish-of-tarts-upon-it-they-looked-so-good-that-it-ought-to-be-ashamed-of-yourself-said-alice-a-good-character-but-said-i-didnt', 24);
INSERT INTO `book` (`id`, `author_fk_id`, `publisher_fk_id`, `title`, `price`) VALUES (17, 17, 17, 'alice-again-for-this-time-it-all-came-different-alice-replied-in-an-angry-voice-the-rabbits-pat-pat-where-are-you-said-the-duchess-as-pigs-have-to-fly-and-the-hatter-hurriedly-left-the', 236);
INSERT INTO `book` (`id`, `author_fk_id`, `publisher_fk_id`, `title`, `price`) VALUES (18, 18, 18, 'i-was-a-very-deep-well-either-the-well-was-very-provoking-to-find-quite-a-commotion-in-the-world-am-i-ah-thats-the-great-question-is-who-in-the-pool-rippling-to-the-seaside-once-in-a-tone-of', 226);
INSERT INTO `book` (`id`, `author_fk_id`, `publisher_fk_id`, `title`, `price`) VALUES (19, 19, 19, 'magpie-began-wrapping-itself-up-and-leave-the-court-but-on-the-song-perhaps-ive-heard-something-splashing-about-in-the-sea-but-they-have-their-tails-fast-in-their-mouths-and-theyre-all-over', 25);
INSERT INTO `book` (`id`, `author_fk_id`, `publisher_fk_id`, `title`, `price`) VALUES (20, 20, 20, 'there-was-a-little-scream-of-laughter-oh-hush-the-rabbit-say-a-barrowful-will-do-to-begin-again-it-was-indeed-she-was-small-enough-to-get-dry-very-soon-ahem-said-the-march-hare', 231);
INSERT INTO `book` (`id`, `author_fk_id`, `publisher_fk_id`, `title`, `price`) VALUES (21, 21, 21, 'pray-what-is-the-same-size-to-be-a-caucus-race-what-is-the-same-year-for-such-dainties-would-not-stoop-soup-of-the-month-and-doesnt-tell-what-oclock-it-is-as-she-said-to-the-queen-and', 138);
INSERT INTO `book` (`id`, `author_fk_id`, `publisher_fk_id`, `title`, `price`) VALUES (22, 22, 22, 'cat-do-you-play-croquet-the-soldiers-were-always-getting-up-and-walking-off-to-the-jury-in-a-loud-indignant-voice-but-she-could-not-stand-and-she-crossed-her-hands-up-to-the-conclusion-that', 83);
INSERT INTO `book` (`id`, `author_fk_id`, `publisher_fk_id`, `title`, `price`) VALUES (23, 23, 23, 'even-the-duchess-said-to-the-queen-and-in-despair-she-put-her-hand-again-and-did-not-like-to-hear-the-very-middle-of-one-there-ought-to-be-executed-for-having-missed-their-turns-and-she-put-it', 119);
INSERT INTO `book` (`id`, `author_fk_id`, `publisher_fk_id`, `title`, `price`) VALUES (24, 24, 24, 'majesty-said-the-mock-turtle-sang-this-very-slowly-and-sadly-will-you-walk-a-little-nervous-about-this-for-it-might-happen-any-minute-and-then-thought-she-if-people-had-all-to-lie', 280);
INSERT INTO `book` (`id`, `author_fk_id`, `publisher_fk_id`, `title`, `price`) VALUES (25, 25, 25, 'hatter-im-on-the-stairs-alice-knew-it-was-an-old-turtle-we-used-to-say-which-and-they-all-stopped-and-looked-along-the-course-here-and-there-she-saw-maps-and-pictures-hung-upon-pegs-she', 182);
INSERT INTO `book` (`id`, `author_fk_id`, `publisher_fk_id`, `title`, `price`) VALUES (26, 26, 26, 'march-hare-sixteenth-added-the-hatter-you-wouldnt-talk-about-trouble-said-the-mouse-in-a-pleased-tone-pray-dont-trouble-yourself-to-say-how-doth-the-little-busy-bee-but-it-was-an', 231);
INSERT INTO `book` (`id`, `author_fk_id`, `publisher_fk_id`, `title`, `price`) VALUES (27, 27, 27, 'she-is-such-a-new-idea-to-alice-flinging-the-baby-joined-wow-wow-wow-here-you-may-nurse-it-a-violent-shake-at-the-cats-head-began-fading-away-the-moment-she-felt-that-this-could-not', 44);
INSERT INTO `book` (`id`, `author_fk_id`, `publisher_fk_id`, `title`, `price`) VALUES (28, 28, 28, 'beautiful-beauti-ful-soup-chorus-again-cried-the-mock-turtle-hold-your-tongue-added-the-gryphon-that-they-would-go-with-edgar-atheling-to-meet-william-and-offer-him-the-crown-williams', 283);
INSERT INTO `book` (`id`, `author_fk_id`, `publisher_fk_id`, `title`, `price`) VALUES (29, 29, 29, 'alice-who-was-trembling-down-to-look-through-into-the-court-arm-in-arm-with-the-edge-of-the-ground-and-i-should-be-raving-mad-at-least-not-so-mad-as-it-didnt-sound-at-all-this-grand-procession', 187);
INSERT INTO `book` (`id`, `author_fk_id`, `publisher_fk_id`, `title`, `price`) VALUES (30, 30, 30, 'dinah-i-think-it-was-the-march-hare-he-denies-it-said-alice-then-you-may-nurse-it-a-minute-or-two-the-caterpillar-decidedly-and-the-other-players-and-shouting-off-with-their-hands-and', 96);
INSERT INTO `book` (`id`, `author_fk_id`, `publisher_fk_id`, `title`, `price`) VALUES (31, 31, 31, 'i-never-heard-before-sure-then-im-here-digging-for-apples-yer-honour-digging-for-apples-indeed-said-alice-who-was-sitting-on-the-stairs-alice-knew-it-was-quite-pale-with-passion-alice', 68);
INSERT INTO `book` (`id`, `author_fk_id`, `publisher_fk_id`, `title`, `price`) VALUES (32, 32, 32, 'dormouse-fell-asleep-instantly-and-neither-of-the-ground-and-i-should-like-to-be-a-very-respectful-tone-but-frowning-and-making-quite-a-long-breath-and-till-the-eyes-appeared-and-then-a-row-of', 63);
INSERT INTO `book` (`id`, `author_fk_id`, `publisher_fk_id`, `title`, `price`) VALUES (33, 33, 33, 'im-mad-youre-mad-how-do-you-want-to-go-let-me-think-was-i-the-same-age-as-herself-to-see-what-i-should-say-with-what-porpoise-dont-you-mean-purpose-said-alice-why-you-dont', 265);
INSERT INTO `book` (`id`, `author_fk_id`, `publisher_fk_id`, `title`, `price`) VALUES (34, 34, 34, 'i-say-thats-the-same-size-for-going-through-the-little-golden-key-and-hurried-off-to-the-table-but-it-said-in-a-very-grave-voice-until-all-the-rats-and-oh-dear-cried-alice-quite-forgetting', 290);
INSERT INTO `book` (`id`, `author_fk_id`, `publisher_fk_id`, `title`, `price`) VALUES (35, 35, 35, 'alice-or-perhaps-they-wont-walk-the-way-of-nursing-it-which-was-to-eat-or-drink-under-the-sea-the-gryphon-went-on-likely-to-win-that-its-hardly-worth-while-finishing-the-game-the', 189);
INSERT INTO `book` (`id`, `author_fk_id`, `publisher_fk_id`, `title`, `price`) VALUES (36, 36, 36, 'mouse-who-was-a-long-argument-with-the-distant-sobs-of-the-shelves-as-she-had-not-got-into-the-garden-then-she-went-on-her-listeners-were-perfectly-quiet-till-she-got-to-see-the-mock-turtle-in-a', 210);
INSERT INTO `book` (`id`, `author_fk_id`, `publisher_fk_id`, `title`, `price`) VALUES (37, 37, 37, 'march-hare-the-hatter-shook-his-head-off-outside-the-queen-was-silent-the-king-turned-pale-and-shut-his-note-book-hastily-consider-your-verdict-he-said-in-a-great-hurry-and-their-names', 296);
INSERT INTO `book` (`id`, `author_fk_id`, `publisher_fk_id`, `title`, `price`) VALUES (38, 38, 38, 'gryphon-the-squeaking-of-the-mock-turtle-very-much-indeed-said-alice-why-she-said-the-mouse-who-seemed-to-quiver-all-over-with-fright-oh-i-beg-your-pardon-she-exclaimed-in-a-large', 249);
INSERT INTO `book` (`id`, `author_fk_id`, `publisher_fk_id`, `title`, `price`) VALUES (39, 39, 39, 'white-rabbit-was-still-in-sight-hurrying-down-it-there-could-be-beheaded-and-that-is-rather-a-hard-word-i-will-prosecute-you-come-ill-take-no-denial-we-must-have-prizes-but-who-has-won', 94);
INSERT INTO `book` (`id`, `author_fk_id`, `publisher_fk_id`, `title`, `price`) VALUES (40, 40, 40, 'it-was-the-king-and-dont-be-particular-here-bill-catch-hold-of-its-right-paw-round-lives-a-march-hare-alice-was-beginning-to-see-how-he-can-thoroughly-enjoy-the-pepper-when-he-sneezes-for', 168);
INSERT INTO `book` (`id`, `author_fk_id`, `publisher_fk_id`, `title`, `price`) VALUES (41, 41, 41, 'alice-remarked-right-as-usual-said-the-hatter-im-on-the-ground-as-she-could-for-sneezing-there-was-not-quite-know-what-to-say-a-word-but-slowly-followed-her-back-to-the-beginning-of-the', 233);
INSERT INTO `book` (`id`, `author_fk_id`, `publisher_fk_id`, `title`, `price`) VALUES (42, 42, 42, 'duck-found-it-the-mouse-heard-this-it-turned-round-and-get-ready-to-ask-his-neighbour-to-tell-you-all-i-know-all-sorts-of-little-animals-and-birds-waiting-outside-the-poor-little-feet-i', 258);
INSERT INTO `book` (`id`, `author_fk_id`, `publisher_fk_id`, `title`, `price`) VALUES (43, 43, 43, 'first-because-im-on-the-other-was-sitting-on-the-bank-the-birds-with-draggled-feathers-the-animals-with-their-fur-clinging-close-to-her-its-face-to-see-that-queer-little-toss-of-her-voice-and', 106);
INSERT INTO `book` (`id`, `author_fk_id`, `publisher_fk_id`, `title`, `price`) VALUES (44, 44, 44, 'trims-his-belt-and-his-friends-shared-their-never-ending-meal-and-the-white-rabbit-who-was-trembling-down-to-her-great-disappointment-it-was-over-at-last-and-they-went-on-eagerly-thats-enough', 33);
INSERT INTO `book` (`id`, `author_fk_id`, `publisher_fk_id`, `title`, `price`) VALUES (45, 45, 45, 'ive-fallen-by-this-time-she-said-this-she-came-rather-late-and-the-sounds-will-take-care-of-the-officers-of-the-words-all-coming-different-and-then-added-them-up-and-reduced-the-answer-to', 115);
INSERT INTO `book` (`id`, `author_fk_id`, `publisher_fk_id`, `title`, `price`) VALUES (46, 46, 46, 'lobster-quadrille-is-no-indeed-said-alice-anything-you-like-said-the-duchess-what-a-clear-way-you-go-said-the-hatter-so-i-should-think-dinah-was-the-cat-remarked-dont-be', 121);
INSERT INTO `book` (`id`, `author_fk_id`, `publisher_fk_id`, `title`, `price`) VALUES (47, 47, 47, 'alice-he-had-never-seen-such-a-subject-our-family-always-hated-cats-nasty-low-vulgar-things-dont-let-me-help-to-undo-it-i-shall-sit-here-he-said-on-and-off-for-days-and-days-but', 142);
INSERT INTO `book` (`id`, `author_fk_id`, `publisher_fk_id`, `title`, `price`) VALUES (48, 48, 48, 'shark-but-when-the-rabbit-hastily-interrupted-theres-a-great-deal-too-flustered-to-tell-me-the-truth-did-you-do-either-and-the-gryphon-added-come-lets-hear-some-of-them-say-look-out', 198);
INSERT INTO `book` (`id`, `author_fk_id`, `publisher_fk_id`, `title`, `price`) VALUES (49, 49, 49, 'alice-and-she-very-soon-came-upon-a-little-now-and-then-all-the-way-out-of-this-sort-of-thing-that-would-happen-miss-alice-come-here-directly-and-get-ready-for-your-interesting-story-but-she', 191);
INSERT INTO `book` (`id`, `author_fk_id`, `publisher_fk_id`, `title`, `price`) VALUES (50, 50, 50, 'suppress-him-pinch-him-off-with-his-nose-trims-his-belt-and-his-buttons-and-turns-out-his-toes-later-editions-continued-as-follows-when-the-mouse-replied-rather-impatiently-any-shrimp-could', 203);
INSERT INTO `book` (`id`, `author_fk_id`, `publisher_fk_id`, `title`, `price`) VALUES (51, 51, 51, 'are-old-father-william-to-the-conclusion-that-it-was-in-such-confusion-that-she-wanted-much-to-know-but-the-mouse-heard-this-it-turned-round-and-swam-slowly-back-again-and-alice-rather', 47);
INSERT INTO `book` (`id`, `author_fk_id`, `publisher_fk_id`, `title`, `price`) VALUES (52, 52, 52, 'i-cant-understand-it-myself-to-begin-again-it-was-getting-very-sleepy-and-they-all-crowded-round-her-about-the-right-house-because-the-chimneys-were-shaped-like-ears-and-the-moon-and-memory', 11);
INSERT INTO `book` (`id`, `author_fk_id`, `publisher_fk_id`, `title`, `price`) VALUES (53, 53, 53, 'march-hare-alice-sighed-wearily-i-think-i-may-as-well-go-in-at-the-door-pray-what-is-the-driest-thing-i-ask-its-always-six-oclock-now-a-bright-idea-came-into-her-eyes-and-once-she', 44);
INSERT INTO `book` (`id`, `author_fk_id`, `publisher_fk_id`, `title`, `price`) VALUES (54, 54, 54, 'i-shant-grow-any-more-as-it-is-i-suppose-said-alice-come-lets-try-the-thing-mock-turtle-with-a-yelp-of-delight-and-rushed-at-the-bottom-of-a-well-what-did-they-draw-the-treacle-from', 38);
INSERT INTO `book` (`id`, `author_fk_id`, `publisher_fk_id`, `title`, `price`) VALUES (55, 55, 55, 'beautiful-beautiful-soup-chapter-xi-who-stole-the-tarts-the-king-turned-pale-and-shut-his-note-book-hastily-consider-your-verdict-the-king-was-the-matter-worse-you-must-have-meant-some', 284);
INSERT INTO `book` (`id`, `author_fk_id`, `publisher_fk_id`, `title`, `price`) VALUES (56, 56, 56, 'alice-and-round-alice-every-now-and-then-such-as-sure-i-dont-believe-you-do-either-and-the-muscular-strength-which-it-gave-to-my-jaw-has-lasted-the-rest-of-it-at-last-they-must-needs', 58);
INSERT INTO `book` (`id`, `author_fk_id`, `publisher_fk_id`, `title`, `price`) VALUES (57, 57, 57, 'hatter-does-your-watch-tell-you-my-adventures-beginning-from-this-morning-said-alice-to-herself-for-this-curious-child-was-very-uncomfortable-and-as-they-came-nearer-alice-could-not-think', 111);
INSERT INTO `book` (`id`, `author_fk_id`, `publisher_fk_id`, `title`, `price`) VALUES (58, 58, 58, 'dormouse-fourteenth-of-march-i-think-i-must-be-a-caucus-race-what-is-the-use-of-a-tree-by-the-use-of-a-well-take-some-more-tea-the-hatter-and-the-little-glass-box-that-was-sitting-on-the', 36);
INSERT INTO `book` (`id`, `author_fk_id`, `publisher_fk_id`, `title`, `price`) VALUES (59, 59, 59, 'alice-whose-thoughts-were-still-running-on-the-ground-as-she-picked-up-a-little-hot-tea-upon-its-forehead-the-position-in-which-the-march-hare-exactly-so-said-alice-im-a-im-a-well', 255);
INSERT INTO `book` (`id`, `author_fk_id`, `publisher_fk_id`, `title`, `price`) VALUES (60, 60, 60, 'is-that-to-be-a-caucus-race-what-is-a-long-way-back-and-see-that-queer-little-toss-of-her-knowledge-just-think-of-anything-else-chapter-v-advice-from-a-bottle-marked-poison-so-alice-soon', 88);
INSERT INTO `book` (`id`, `author_fk_id`, `publisher_fk_id`, `title`, `price`) VALUES (61, 61, 61, 'mock-turtle-no-no-the-adventures-first-said-the-one-who-got-any-advantage-from-the-time-she-had-known-them-all-her-fancy-that-he-hasnt-got-no-business-of-mine-the-queen-turned-angrily', 195);
INSERT INTO `book` (`id`, `author_fk_id`, `publisher_fk_id`, `title`, `price`) VALUES (62, 62, 62, 'how-brave-theyll-all-think-me-at-home-why-i-wouldnt-say-anything-about-it-and-burning-with-curiosity-she-ran-out-of-a-feather-flock-together-only-mustard-isnt-a-bird-alice-remarked', 233);
INSERT INTO `book` (`id`, `author_fk_id`, `publisher_fk_id`, `title`, `price`) VALUES (63, 63, 63, 'me-you-said-the-march-hare-alice-sighed-wearily-i-think-you-could-keep-it-to-speak-again-the-mock-turtle-yet-no-said-alice-exactly-so-said-the-caterpillar-well-ive-tried-to-get', 88);
INSERT INTO `book` (`id`, `author_fk_id`, `publisher_fk_id`, `title`, `price`) VALUES (64, 64, 64, 'i-will-just-explain-to-you-to-get-out-again-thats-all-thank-you-said-alice-and-why-it-is-i-hate-cats-and-dogs-it-was-the-cat-i-hope-theyll-remember-her-saucer-of-milk-at-tea-time', 251);
INSERT INTO `book` (`id`, `author_fk_id`, `publisher_fk_id`, `title`, `price`) VALUES (65, 65, 65, 'english-said-the-mock-turtle-so-she-began-shrinking-directly-as-soon-as-it-left-no-mark-on-the-back-however-it-was-all-very-well-without-maybe-its-always-pepper-that-had-made-out-that-it-was', 57);
INSERT INTO `book` (`id`, `author_fk_id`, `publisher_fk_id`, `title`, `price`) VALUES (66, 66, 66, 'me-but-nevertheless-she-uncorked-it-and-put-back-into-the-sea-and-in-that-soup-alice-said-to-herself-if-one-only-knew-the-name-alice-chapter-xii-alices-evidence-here-cried-alice', 186);
INSERT INTO `book` (`id`, `author_fk_id`, `publisher_fk_id`, `title`, `price`) VALUES (67, 67, 67, 'after-a-time-she-had-not-long-to-doubt-for-the-fan-and-the-little-door-was-shut-again-and-did-not-like-to-go-nearer-till-she-was-peering-about-anxiously-among-the-leaves-which-she-had-nothing', 17);
INSERT INTO `book` (`id`, `author_fk_id`, `publisher_fk_id`, `title`, `price`) VALUES (68, 68, 68, 'father-william-the-young-lady-to-see-what-this-bottle-does-i-do-it-again-and-again-you-are-old-said-the-caterpillar-decidedly-and-there-was-the-best-butter-the-march-hare-sixteenth', 61);
INSERT INTO `book` (`id`, `author_fk_id`, `publisher_fk_id`, `title`, `price`) VALUES (69, 69, 69, 'edwin-and-morcar-the-earls-of-mercia-and-northumbria-ugh-said-the-hatter-alice-felt-a-violent-shake-at-the-lizard-in-head-downwards-and-the-little-golden-key-was-too-small-but-at-last-it', 167);
INSERT INTO `book` (`id`, `author_fk_id`, `publisher_fk_id`, `title`, `price`) VALUES (70, 70, 70, 'there-was-nothing-else-to-say-i-once-tasted-but-checked-herself-hastily-i-dont-think-then-you-may-stand-down-continued-the-pigeon-raising-its-voice-to-a-mouse-that-he-met-in-the-same', 110);
INSERT INTO `book` (`id`, `author_fk_id`, `publisher_fk_id`, `title`, `price`) VALUES (71, 71, 71, 'queen-was-in-a-tone-of-great-surprise-of-course-it-was-the-march-hare-exactly-so-said-the-gryphon-we-can-do-without-lobsters-you-know-so-you-see-miss-this-here-ought-to-be-a-great', 51);
INSERT INTO `book` (`id`, `author_fk_id`, `publisher_fk_id`, `title`, `price`) VALUES (72, 72, 72, 'dodo-could-not-swim-he-sent-them-word-i-had-to-stoop-to-save-her-neck-would-bend-about-easily-in-any-direction-like-a-telescope-and-so-she-turned-away-come-back-the-caterpillar-angrily', 174);
INSERT INTO `book` (`id`, `author_fk_id`, `publisher_fk_id`, `title`, `price`) VALUES (73, 73, 73, 'soup-beautiful-soup-who-cares-for-you-said-alice-a-great-girl-like-you-she-might-well-say-this-to-go-on-for-some-time-in-silence-at-last-it-sat-down-and-began-smoking-again-this-time', 280);
INSERT INTO `book` (`id`, `author_fk_id`, `publisher_fk_id`, `title`, `price`) VALUES (74, 74, 74, 'i-can-find-it-and-she-thought-it-would-be-very-likely-to-eat-some-of-the-baby-it-was-quite-silent-for-a-few-yards-off-the-cat-seemed-to-her-full-size-by-this-time-youre-nothing-but-a-pack-of', 10);
INSERT INTO `book` (`id`, `author_fk_id`, `publisher_fk_id`, `title`, `price`) VALUES (75, 75, 75, 'i-could-not-help-bursting-out-laughing-and-when-she-first-saw-the-mock-turtle-replied-counting-off-the-mushroom-and-crawled-away-in-the-pool-as-it-could-go-and-making-faces-at-him-as-he-said-in', 79);
INSERT INTO `book` (`id`, `author_fk_id`, `publisher_fk_id`, `title`, `price`) VALUES (76, 76, 76, 'alice-in-a-very-humble-tone-going-down-on-one-of-these-cakes-she-thought-and-looked-into-its-face-in-some-alarm-this-time-alice-waited-a-little-from-the-queen-sentence-first-verdict', 268);
INSERT INTO `book` (`id`, `author_fk_id`, `publisher_fk_id`, `title`, `price`) VALUES (77, 77, 77, 'alice-caught-the-flamingo-and-brought-it-back-the-fight-was-over-and-both-the-hedgehogs-were-out-of-the-e-e-evening-beautiful-beauti-ful-soup-chorus-again-cried-the-gryphon-the-reason', 125);
INSERT INTO `book` (`id`, `author_fk_id`, `publisher_fk_id`, `title`, `price`) VALUES (78, 78, 78, 'alice-could-see-it-again-but-it-had-struck-her-foot-she-was-looking-about-for-a-long-hookah-and-taking-not-the-right-size-for-ten-minutes-together-cant-remember-what-things-said-the-mock', 251);
INSERT INTO `book` (`id`, `author_fk_id`, `publisher_fk_id`, `title`, `price`) VALUES (79, 79, 79, 'mouse-splashed-his-way-through-the-door-she-walked-up-towards-it-rather-timidly-saying-to-herself-that-perhaps-it-was-out-of-court-suppress-him-pinch-him-off-with-his-head-she-said-and-see', 264);
INSERT INTO `book` (`id`, `author_fk_id`, `publisher_fk_id`, `title`, `price`) VALUES (80, 80, 80, 'dormouse-shall-they-both-sat-silent-and-looked-at-two-two-began-in-a-tone-of-great-curiosity-its-a-pun-the-king-triumphantly-pointing-to-the-porpoise-keep-back-please-we-dont-want-to', 176);
INSERT INTO `book` (`id`, `author_fk_id`, `publisher_fk_id`, `title`, `price`) VALUES (81, 81, 81, 'alice-hastily-replied-at-least-at-least-i-know-i-have-dropped-them-i-wonder-as-she-said-to-the-gryphon-you-advance-twice-each-with-a-kind-of-thing-that-would-happen-miss-alice-come', 57);
INSERT INTO `book` (`id`, `author_fk_id`, `publisher_fk_id`, `title`, `price`) VALUES (82, 82, 82, 'and-in-she-went-once-more-she-found-herself-safe-in-a-rather-offended-tone-and-everybody-else-leave-off-that-screamed-the-gryphon-the-reason-is-said-the-mock-turtle-seals-turtles', 27);
INSERT INTO `book` (`id`, `author_fk_id`, `publisher_fk_id`, `title`, `price`) VALUES (83, 83, 83, 'lizards-slate-pencil-and-the-two-creatures-got-so-close-to-her-its-face-was-quite-out-of-the-jury-asked-that-i-cant-quite-follow-it-as-a-partner-cried-the-mock-turtle-said-advance-twice', 45);
INSERT INTO `book` (`id`, `author_fk_id`, `publisher_fk_id`, `title`, `price`) VALUES (84, 84, 84, 'knave-turn-them-over-the-knave-of-hearts-who-only-bowed-and-smiled-in-reply-thats-right-shouted-the-queen-i-havent-the-slightest-idea-said-the-white-rabbit-jumping-up-and-down-and', 206);
INSERT INTO `book` (`id`, `author_fk_id`, `publisher_fk_id`, `title`, `price`) VALUES (85, 85, 85, 'rabbit-whispered-in-reply-for-fear-they-should-forget-them-before-the-end-of-half-an-hour-or-so-there-were-a-duck-and-a-fall-and-a-large-canvas-bag-which-tied-up-at-the-march-hare-interrupted-in', 213);
INSERT INTO `book` (`id`, `author_fk_id`, `publisher_fk_id`, `title`, `price`) VALUES (86, 86, 86, 'im-here-digging-for-apples-yer-honour-digging-for-apples-indeed-said-the-duchess-it-had-been-but-her-sister-was-reading-but-it-was-a-good-opportunity-for-showing-off-her-knowledge-as', 278);
INSERT INTO `book` (`id`, `author_fk_id`, `publisher_fk_id`, `title`, `price`) VALUES (87, 87, 87, 'i-gave-her-one-they-gave-him-two-you-gave-us-three-or-more-they-all-returned-from-him-to-be-a-footman-in-livery-came-running-out-of-the-thing-mock-turtle-went-on-in-these-words-yes-we-went-to', 182);
INSERT INTO `book` (`id`, `author_fk_id`, `publisher_fk_id`, `title`, `price`) VALUES (88, 88, 88, 'majesty-he-asked-begin-at-the-flowers-and-the-moment-she-quite-forgot-how-to-set-them-free-exactly-as-we-neednt-try-to-find-that-her-idea-of-the-tea-the-twinkling-of-the-officers-but-the', 48);
INSERT INTO `book` (`id`, `author_fk_id`, `publisher_fk_id`, `title`, `price`) VALUES (89, 89, 89, 'ill-go-round-a-deal-faster-than-it-does-which-would-not-be-an-advantage-said-alice-as-she-swam-lazily-about-in-all-my-life-never-they-had-a-bone-in-his-note-book-cackled-out-silence', 300);
INSERT INTO `book` (`id`, `author_fk_id`, `publisher_fk_id`, `title`, `price`) VALUES (90, 90, 90, 'march-hare-alice-was-soon-left-alone-i-wish-the-creatures-wouldnt-be-so-kind-alice-replied-so-eagerly-that-the-hedgehog-to-and-as-a-lark-and-will-talk-in-contemptuous-tones-of-the-sort', 233);
INSERT INTO `book` (`id`, `author_fk_id`, `publisher_fk_id`, `title`, `price`) VALUES (91, 91, 91, 'as-soon-as-it-went-as-if-his-heart-would-break-she-pitied-him-deeply-what-is-his-sorrow-she-asked-the-mock-turtle-they-youve-seen-them-of-course-yes-said-alice-indignantly-let-me', 40);
INSERT INTO `book` (`id`, `author_fk_id`, `publisher_fk_id`, `title`, `price`) VALUES (92, 92, 92, 'while-the-owl-and-the-little-passage-and-then-she-found-herself-at-last-she-stretched-her-arms-round-it-as-a-drawing-of-a-large-dish-of-tarts-upon-it-they-looked-so-grave-that-she-tipped-over-the', 133);
INSERT INTO `book` (`id`, `author_fk_id`, `publisher_fk_id`, `title`, `price`) VALUES (93, 93, 93, 'stop-this-moment-and-fetch-me-a-pair-of-white-kid-gloves-she-took-up-the-little-door-had-vanished-completely-very-soon-the-rabbit-actually-took-a-watch-out-of-its-waistcoat-pocket-and-looked', 209);
INSERT INTO `book` (`id`, `author_fk_id`, `publisher_fk_id`, `title`, `price`) VALUES (94, 94, 94, 'very-long-claws-and-a-long-way-back-and-see-what-i-was-thinking-i-should-like-to-have-changed-since-her-swim-in-the-same-thing-as-a-last-resource-she-put-one-arm-out-of-sight-before-the-trials', 224);
INSERT INTO `book` (`id`, `author_fk_id`, `publisher_fk_id`, `title`, `price`) VALUES (95, 95, 95, 'lory-with-a-sigh-i-only-took-the-place-of-the-sort-said-alice-then-you-may-sit-down-the-king-had-said-that-day-a-likely-story-indeed-said-the-king-and-he-poured-a-little-timidly-why', 279);
INSERT INTO `book` (`id`, `author_fk_id`, `publisher_fk_id`, `title`, `price`) VALUES (96, 96, 96, 'alice-had-not-a-regular-rule-you-invented-it-just-grazed-his-nose-and-broke-to-pieces-against-one-of-the-cattle-in-the-sea-cried-the-gryphon-we-can-do-without-lobsters-you-know-please', 61);
INSERT INTO `book` (`id`, `author_fk_id`, `publisher_fk_id`, `title`, `price`) VALUES (97, 97, 97, 'dormouse-crossed-the-court-without-even-looking-round-ill-fetch-the-executioner-myself-said-the-mock-turtle-and-to-wonder-what-latitude-was-or-longitude-either-but-thought-they-were-in-the', 201);
INSERT INTO `book` (`id`, `author_fk_id`, `publisher_fk_id`, `title`, `price`) VALUES (98, 98, 98, 'queen-of-hearts-who-only-bowed-and-smiled-in-reply-idiot-said-the-hatter-i-deny-it-said-the-cat-do-you-play-croquet-with-the-time-she-said-to-a-farmer-you-know-upon-the-other-side', 245);
INSERT INTO `book` (`id`, `author_fk_id`, `publisher_fk_id`, `title`, `price`) VALUES (99, 99, 99, 'i-believe-boots-and-shoes-under-the-sea-the-gryphon-replied-rather-crossly-of-course-you-know-im-mad-said-alice-then-it-doesnt-understand-english-thought-alice-only-as-its-asleep', 18);
INSERT INTO `book` (`id`, `author_fk_id`, `publisher_fk_id`, `title`, `price`) VALUES (100, 100, 100, 'alice-to-pretend-to-be-seen-she-found-to-be-in-before-the-trials-over-thought-alice-the-king-looked-anxiously-at-the-caterpillars-making-such-a-long-silence-after-this-and-after-a-pause', 77);


#
# TABLE STRUCTURE FOR: book_issue
#

DROP TABLE IF EXISTS `book_issue`;

CREATE TABLE `book_issue` (
  `id` int(255) NOT NULL AUTO_INCREMENT,
  `book_fk_id` int(255) NOT NULL,
  `member_fk_id` int(255) NOT NULL,
  `issue_date` date NOT NULL DEFAULT current_timestamp(),
  `due_date` date DEFAULT current_timestamp(),
  PRIMARY KEY (`id`),
  KEY `book_fk_id` (`book_fk_id`,`member_fk_id`),
  KEY `member_fk_id` (`member_fk_id`),
  CONSTRAINT `book_issue_ibfk_1` FOREIGN KEY (`book_fk_id`) REFERENCES `book` (`id`),
  CONSTRAINT `book_issue_ibfk_2` FOREIGN KEY (`member_fk_id`) REFERENCES `member` (`id`)
) ENGINE=InnoDB AUTO_INCREMENT=101 DEFAULT CHARSET=utf8 COLLATE=utf8_general_ci;

INSERT INTO `book_issue` (`id`, `book_fk_id`, `member_fk_id`, `issue_date`, `due_date`) VALUES (1, 1, 1, '2000-08-17', '1981-05-02');
INSERT INTO `book_issue` (`id`, `book_fk_id`, `member_fk_id`, `issue_date`, `due_date`) VALUES (2, 2, 2, '1990-01-20', '1976-11-07');
INSERT INTO `book_issue` (`id`, `book_fk_id`, `member_fk_id`, `issue_date`, `due_date`) VALUES (3, 3, 3, '1987-12-16', '1987-08-20');
INSERT INTO `book_issue` (`id`, `book_fk_id`, `member_fk_id`, `issue_date`, `due_date`) VALUES (4, 4, 4, '1976-10-30', '1990-07-22');
INSERT INTO `book_issue` (`id`, `book_fk_id`, `member_fk_id`, `issue_date`, `due_date`) VALUES (5, 5, 5, '2010-05-20', '1984-07-24');
INSERT INTO `book_issue` (`id`, `book_fk_id`, `member_fk_id`, `issue_date`, `due_date`) VALUES (6, 6, 6, '2006-05-29', '2014-08-17');
INSERT INTO `book_issue` (`id`, `book_fk_id`, `member_fk_id`, `issue_date`, `due_date`) VALUES (7, 7, 7, '1986-10-09', '1978-01-10');
INSERT INTO `book_issue` (`id`, `book_fk_id`, `member_fk_id`, `issue_date`, `due_date`) VALUES (8, 8, 8, '1979-02-17', '1975-02-03');
INSERT INTO `book_issue` (`id`, `book_fk_id`, `member_fk_id`, `issue_date`, `due_date`) VALUES (9, 9, 9, '2015-10-19', '1974-07-05');
INSERT INTO `book_issue` (`id`, `book_fk_id`, `member_fk_id`, `issue_date`, `due_date`) VALUES (10, 10, 10, '1981-04-01', '1986-08-29');
INSERT INTO `book_issue` (`id`, `book_fk_id`, `member_fk_id`, `issue_date`, `due_date`) VALUES (11, 11, 11, '2001-07-27', '1978-10-29');
INSERT INTO `book_issue` (`id`, `book_fk_id`, `member_fk_id`, `issue_date`, `due_date`) VALUES (12, 12, 12, '1991-01-02', '2020-07-17');
INSERT INTO `book_issue` (`id`, `book_fk_id`, `member_fk_id`, `issue_date`, `due_date`) VALUES (13, 13, 13, '1990-03-26', '1977-08-17');
INSERT INTO `book_issue` (`id`, `book_fk_id`, `member_fk_id`, `issue_date`, `due_date`) VALUES (14, 14, 14, '1992-12-01', '1996-12-02');
INSERT INTO `book_issue` (`id`, `book_fk_id`, `member_fk_id`, `issue_date`, `due_date`) VALUES (15, 15, 15, '2007-03-23', '1988-07-24');
INSERT INTO `book_issue` (`id`, `book_fk_id`, `member_fk_id`, `issue_date`, `due_date`) VALUES (16, 16, 16, '2011-06-15', '2021-07-09');
INSERT INTO `book_issue` (`id`, `book_fk_id`, `member_fk_id`, `issue_date`, `due_date`) VALUES (17, 17, 17, '1989-11-26', '2007-07-23');
INSERT INTO `book_issue` (`id`, `book_fk_id`, `member_fk_id`, `issue_date`, `due_date`) VALUES (18, 18, 18, '1997-06-26', '1990-09-15');
INSERT INTO `book_issue` (`id`, `book_fk_id`, `member_fk_id`, `issue_date`, `due_date`) VALUES (19, 19, 19, '2013-02-25', '1994-05-20');
INSERT INTO `book_issue` (`id`, `book_fk_id`, `member_fk_id`, `issue_date`, `due_date`) VALUES (20, 20, 20, '2000-05-18', '1970-05-04');
INSERT INTO `book_issue` (`id`, `book_fk_id`, `member_fk_id`, `issue_date`, `due_date`) VALUES (21, 21, 21, '2004-09-17', '1979-07-27');
INSERT INTO `book_issue` (`id`, `book_fk_id`, `member_fk_id`, `issue_date`, `due_date`) VALUES (22, 22, 22, '1997-01-07', '1977-03-08');
INSERT INTO `book_issue` (`id`, `book_fk_id`, `member_fk_id`, `issue_date`, `due_date`) VALUES (23, 23, 23, '2019-04-08', '1985-02-15');
INSERT INTO `book_issue` (`id`, `book_fk_id`, `member_fk_id`, `issue_date`, `due_date`) VALUES (24, 24, 24, '1975-07-02', '2008-11-24');
INSERT INTO `book_issue` (`id`, `book_fk_id`, `member_fk_id`, `issue_date`, `due_date`) VALUES (25, 25, 25, '1992-05-25', '1989-05-29');
INSERT INTO `book_issue` (`id`, `book_fk_id`, `member_fk_id`, `issue_date`, `due_date`) VALUES (26, 26, 26, '2001-07-29', '1974-05-11');
INSERT INTO `book_issue` (`id`, `book_fk_id`, `member_fk_id`, `issue_date`, `due_date`) VALUES (27, 27, 27, '2013-08-14', '2002-01-30');
INSERT INTO `book_issue` (`id`, `book_fk_id`, `member_fk_id`, `issue_date`, `due_date`) VALUES (28, 28, 28, '2011-07-28', '2012-09-07');
INSERT INTO `book_issue` (`id`, `book_fk_id`, `member_fk_id`, `issue_date`, `due_date`) VALUES (29, 29, 29, '2020-10-09', '1991-11-30');
INSERT INTO `book_issue` (`id`, `book_fk_id`, `member_fk_id`, `issue_date`, `due_date`) VALUES (30, 30, 30, '1985-05-17', '2005-05-28');
INSERT INTO `book_issue` (`id`, `book_fk_id`, `member_fk_id`, `issue_date`, `due_date`) VALUES (31, 31, 31, '2012-01-22', '1984-07-15');
INSERT INTO `book_issue` (`id`, `book_fk_id`, `member_fk_id`, `issue_date`, `due_date`) VALUES (32, 32, 32, '2005-07-07', '1974-11-24');
INSERT INTO `book_issue` (`id`, `book_fk_id`, `member_fk_id`, `issue_date`, `due_date`) VALUES (33, 33, 33, '1984-07-15', '1992-05-13');
INSERT INTO `book_issue` (`id`, `book_fk_id`, `member_fk_id`, `issue_date`, `due_date`) VALUES (34, 34, 34, '1981-01-03', '2021-11-29');
INSERT INTO `book_issue` (`id`, `book_fk_id`, `member_fk_id`, `issue_date`, `due_date`) VALUES (35, 35, 35, '2018-04-07', '2004-11-18');
INSERT INTO `book_issue` (`id`, `book_fk_id`, `member_fk_id`, `issue_date`, `due_date`) VALUES (36, 36, 36, '2000-07-16', '2002-05-31');
INSERT INTO `book_issue` (`id`, `book_fk_id`, `member_fk_id`, `issue_date`, `due_date`) VALUES (37, 37, 37, '1971-10-19', '2006-01-06');
INSERT INTO `book_issue` (`id`, `book_fk_id`, `member_fk_id`, `issue_date`, `due_date`) VALUES (38, 38, 38, '2022-09-21', '1982-01-12');
INSERT INTO `book_issue` (`id`, `book_fk_id`, `member_fk_id`, `issue_date`, `due_date`) VALUES (39, 39, 39, '1999-08-10', '1999-06-27');
INSERT INTO `book_issue` (`id`, `book_fk_id`, `member_fk_id`, `issue_date`, `due_date`) VALUES (40, 40, 40, '2007-02-09', '1984-02-12');
INSERT INTO `book_issue` (`id`, `book_fk_id`, `member_fk_id`, `issue_date`, `due_date`) VALUES (41, 41, 41, '2011-04-19', '2020-05-23');
INSERT INTO `book_issue` (`id`, `book_fk_id`, `member_fk_id`, `issue_date`, `due_date`) VALUES (42, 42, 42, '1984-09-09', '1997-07-17');
INSERT INTO `book_issue` (`id`, `book_fk_id`, `member_fk_id`, `issue_date`, `due_date`) VALUES (43, 43, 43, '1971-04-27', '2002-07-13');
INSERT INTO `book_issue` (`id`, `book_fk_id`, `member_fk_id`, `issue_date`, `due_date`) VALUES (44, 44, 44, '2022-03-28', '2006-09-13');
INSERT INTO `book_issue` (`id`, `book_fk_id`, `member_fk_id`, `issue_date`, `due_date`) VALUES (45, 45, 45, '2009-08-28', '1992-05-26');
INSERT INTO `book_issue` (`id`, `book_fk_id`, `member_fk_id`, `issue_date`, `due_date`) VALUES (46, 46, 46, '2019-07-01', '2002-07-14');
INSERT INTO `book_issue` (`id`, `book_fk_id`, `member_fk_id`, `issue_date`, `due_date`) VALUES (47, 47, 47, '1984-05-06', '1996-04-14');
INSERT INTO `book_issue` (`id`, `book_fk_id`, `member_fk_id`, `issue_date`, `due_date`) VALUES (48, 48, 48, '1981-07-28', '2001-12-01');
INSERT INTO `book_issue` (`id`, `book_fk_id`, `member_fk_id`, `issue_date`, `due_date`) VALUES (49, 49, 49, '1983-02-23', '2016-06-29');
INSERT INTO `book_issue` (`id`, `book_fk_id`, `member_fk_id`, `issue_date`, `due_date`) VALUES (50, 50, 50, '1978-11-01', '1994-10-19');
INSERT INTO `book_issue` (`id`, `book_fk_id`, `member_fk_id`, `issue_date`, `due_date`) VALUES (51, 51, 51, '1996-12-02', '2003-10-21');
INSERT INTO `book_issue` (`id`, `book_fk_id`, `member_fk_id`, `issue_date`, `due_date`) VALUES (52, 52, 52, '1995-09-11', '1970-10-10');
INSERT INTO `book_issue` (`id`, `book_fk_id`, `member_fk_id`, `issue_date`, `due_date`) VALUES (53, 53, 53, '1997-06-10', '1976-07-20');
INSERT INTO `book_issue` (`id`, `book_fk_id`, `member_fk_id`, `issue_date`, `due_date`) VALUES (54, 54, 54, '2013-06-27', '1975-08-25');
INSERT INTO `book_issue` (`id`, `book_fk_id`, `member_fk_id`, `issue_date`, `due_date`) VALUES (55, 55, 55, '2015-04-18', '1981-02-25');
INSERT INTO `book_issue` (`id`, `book_fk_id`, `member_fk_id`, `issue_date`, `due_date`) VALUES (56, 56, 56, '1980-11-17', '2003-08-10');
INSERT INTO `book_issue` (`id`, `book_fk_id`, `member_fk_id`, `issue_date`, `due_date`) VALUES (57, 57, 57, '2005-12-26', '2003-07-26');
INSERT INTO `book_issue` (`id`, `book_fk_id`, `member_fk_id`, `issue_date`, `due_date`) VALUES (58, 58, 58, '2007-05-23', '2019-06-16');
INSERT INTO `book_issue` (`id`, `book_fk_id`, `member_fk_id`, `issue_date`, `due_date`) VALUES (59, 59, 59, '2017-08-24', '1978-09-24');
INSERT INTO `book_issue` (`id`, `book_fk_id`, `member_fk_id`, `issue_date`, `due_date`) VALUES (60, 60, 60, '2005-04-19', '2011-06-19');
INSERT INTO `book_issue` (`id`, `book_fk_id`, `member_fk_id`, `issue_date`, `due_date`) VALUES (61, 61, 61, '1991-02-16', '1983-07-16');
INSERT INTO `book_issue` (`id`, `book_fk_id`, `member_fk_id`, `issue_date`, `due_date`) VALUES (62, 62, 62, '2013-09-01', '1996-04-04');
INSERT INTO `book_issue` (`id`, `book_fk_id`, `member_fk_id`, `issue_date`, `due_date`) VALUES (63, 63, 63, '2010-03-16', '1971-11-26');
INSERT INTO `book_issue` (`id`, `book_fk_id`, `member_fk_id`, `issue_date`, `due_date`) VALUES (64, 64, 64, '2008-11-18', '1976-05-27');
INSERT INTO `book_issue` (`id`, `book_fk_id`, `member_fk_id`, `issue_date`, `due_date`) VALUES (65, 65, 65, '1972-11-20', '2006-04-22');
INSERT INTO `book_issue` (`id`, `book_fk_id`, `member_fk_id`, `issue_date`, `due_date`) VALUES (66, 66, 66, '2011-03-17', '2008-04-13');
INSERT INTO `book_issue` (`id`, `book_fk_id`, `member_fk_id`, `issue_date`, `due_date`) VALUES (67, 67, 67, '1996-12-16', '1983-12-16');
INSERT INTO `book_issue` (`id`, `book_fk_id`, `member_fk_id`, `issue_date`, `due_date`) VALUES (68, 68, 68, '2019-03-08', '1989-01-13');
INSERT INTO `book_issue` (`id`, `book_fk_id`, `member_fk_id`, `issue_date`, `due_date`) VALUES (69, 69, 69, '1998-09-11', '1987-09-05');
INSERT INTO `book_issue` (`id`, `book_fk_id`, `member_fk_id`, `issue_date`, `due_date`) VALUES (70, 70, 70, '1970-02-09', '1972-08-22');
INSERT INTO `book_issue` (`id`, `book_fk_id`, `member_fk_id`, `issue_date`, `due_date`) VALUES (71, 71, 71, '1981-06-10', '2011-02-21');
INSERT INTO `book_issue` (`id`, `book_fk_id`, `member_fk_id`, `issue_date`, `due_date`) VALUES (72, 72, 72, '2010-06-19', '1977-10-31');
INSERT INTO `book_issue` (`id`, `book_fk_id`, `member_fk_id`, `issue_date`, `due_date`) VALUES (73, 73, 73, '2002-12-08', '1977-12-03');
INSERT INTO `book_issue` (`id`, `book_fk_id`, `member_fk_id`, `issue_date`, `due_date`) VALUES (74, 74, 74, '2016-01-12', '1986-01-10');
INSERT INTO `book_issue` (`id`, `book_fk_id`, `member_fk_id`, `issue_date`, `due_date`) VALUES (75, 75, 75, '2020-09-12', '2002-11-04');
INSERT INTO `book_issue` (`id`, `book_fk_id`, `member_fk_id`, `issue_date`, `due_date`) VALUES (76, 76, 76, '1985-07-20', '1990-09-19');
INSERT INTO `book_issue` (`id`, `book_fk_id`, `member_fk_id`, `issue_date`, `due_date`) VALUES (77, 77, 77, '1997-08-17', '2007-08-15');
INSERT INTO `book_issue` (`id`, `book_fk_id`, `member_fk_id`, `issue_date`, `due_date`) VALUES (78, 78, 78, '1984-09-18', '1974-07-20');
INSERT INTO `book_issue` (`id`, `book_fk_id`, `member_fk_id`, `issue_date`, `due_date`) VALUES (79, 79, 79, '1981-08-05', '1993-09-15');
INSERT INTO `book_issue` (`id`, `book_fk_id`, `member_fk_id`, `issue_date`, `due_date`) VALUES (80, 80, 80, '1972-05-27', '2000-11-04');
INSERT INTO `book_issue` (`id`, `book_fk_id`, `member_fk_id`, `issue_date`, `due_date`) VALUES (81, 81, 81, '2007-03-04', '2013-04-26');
INSERT INTO `book_issue` (`id`, `book_fk_id`, `member_fk_id`, `issue_date`, `due_date`) VALUES (82, 82, 82, '2002-12-02', '1978-04-13');
INSERT INTO `book_issue` (`id`, `book_fk_id`, `member_fk_id`, `issue_date`, `due_date`) VALUES (83, 83, 83, '1971-04-09', '2007-08-23');
INSERT INTO `book_issue` (`id`, `book_fk_id`, `member_fk_id`, `issue_date`, `due_date`) VALUES (84, 84, 84, '1974-05-01', '2018-02-28');
INSERT INTO `book_issue` (`id`, `book_fk_id`, `member_fk_id`, `issue_date`, `due_date`) VALUES (85, 85, 85, '2016-09-05', '2000-07-22');
INSERT INTO `book_issue` (`id`, `book_fk_id`, `member_fk_id`, `issue_date`, `due_date`) VALUES (86, 86, 86, '1986-12-09', '2022-08-16');
INSERT INTO `book_issue` (`id`, `book_fk_id`, `member_fk_id`, `issue_date`, `due_date`) VALUES (87, 87, 87, '2003-06-26', '1997-08-10');
INSERT INTO `book_issue` (`id`, `book_fk_id`, `member_fk_id`, `issue_date`, `due_date`) VALUES (88, 88, 88, '2015-03-18', '1972-05-19');
INSERT INTO `book_issue` (`id`, `book_fk_id`, `member_fk_id`, `issue_date`, `due_date`) VALUES (89, 89, 89, '2011-12-31', '1973-11-22');
INSERT INTO `book_issue` (`id`, `book_fk_id`, `member_fk_id`, `issue_date`, `due_date`) VALUES (90, 90, 90, '1980-11-30', '2013-06-17');
INSERT INTO `book_issue` (`id`, `book_fk_id`, `member_fk_id`, `issue_date`, `due_date`) VALUES (91, 91, 91, '2015-12-19', '2004-08-25');
INSERT INTO `book_issue` (`id`, `book_fk_id`, `member_fk_id`, `issue_date`, `due_date`) VALUES (92, 92, 92, '1976-11-23', '1988-08-02');
INSERT INTO `book_issue` (`id`, `book_fk_id`, `member_fk_id`, `issue_date`, `due_date`) VALUES (93, 93, 93, '1991-05-27', '2012-11-04');
INSERT INTO `book_issue` (`id`, `book_fk_id`, `member_fk_id`, `issue_date`, `due_date`) VALUES (94, 94, 94, '1989-02-23', '2011-09-09');
INSERT INTO `book_issue` (`id`, `book_fk_id`, `member_fk_id`, `issue_date`, `due_date`) VALUES (95, 95, 95, '1981-03-28', '1999-03-14');
INSERT INTO `book_issue` (`id`, `book_fk_id`, `member_fk_id`, `issue_date`, `due_date`) VALUES (96, 96, 96, '1970-05-03', '1971-10-27');
INSERT INTO `book_issue` (`id`, `book_fk_id`, `member_fk_id`, `issue_date`, `due_date`) VALUES (97, 97, 97, '1973-09-17', '1992-12-19');
INSERT INTO `book_issue` (`id`, `book_fk_id`, `member_fk_id`, `issue_date`, `due_date`) VALUES (98, 98, 98, '1979-11-18', '1981-04-22');
INSERT INTO `book_issue` (`id`, `book_fk_id`, `member_fk_id`, `issue_date`, `due_date`) VALUES (99, 99, 99, '1979-10-05', '1973-02-08');
INSERT INTO `book_issue` (`id`, `book_fk_id`, `member_fk_id`, `issue_date`, `due_date`) VALUES (100, 100, 100, '2022-08-27', '2007-05-03');


#
# TABLE STRUCTURE FOR: member
#

DROP TABLE IF EXISTS `member`;

CREATE TABLE `member` (
  `id` int(255) NOT NULL AUTO_INCREMENT,
  `name` varchar(255) NOT NULL,
  `address` varchar(255) NOT NULL,
  PRIMARY KEY (`id`)
) ENGINE=InnoDB AUTO_INCREMENT=101 DEFAULT CHARSET=utf8 COLLATE=utf8_general_ci;

INSERT INTO `member` (`id`, `name`, `address`) VALUES (1, 'Miss Rubye Swaniawski I', '44900 Denesik Fords Apt. 514\nNorth Ludie, HI 01018');
INSERT INTO `member` (`id`, `name`, `address`) VALUES (2, 'Ms. Carolanne Grimes V', '7615 Grimes Landing Apt. 238\nKesslermouth, NE 28070');
INSERT INTO `member` (`id`, `name`, `address`) VALUES (3, 'Devante Littel III', '1105 Vesta Corners Apt. 063\nShaneltown, WA 83731');
INSERT INTO `member` (`id`, `name`, `address`) VALUES (4, 'Johanna Schneider', '35868 Chase Ridge\nLake Jacintoburgh, UT 18982-6649');
INSERT INTO `member` (`id`, `name`, `address`) VALUES (5, 'Kenyatta Schoen DVM', '2007 Dickens Oval Suite 142\nMargarettestad, CO 35380-2350');
INSERT INTO `member` (`id`, `name`, `address`) VALUES (6, 'Maddison Gottlieb DDS', '567 Dusty Tunnel Apt. 675\nPreciousside, WV 84135-5739');
INSERT INTO `member` (`id`, `name`, `address`) VALUES (7, 'Fabiola Gerhold', '16540 Rodger Ville\nFinnbury, OH 97036');
INSERT INTO `member` (`id`, `name`, `address`) VALUES (8, 'Ken Jones', '55231 Dwight Hollow\nTabithatown, NY 28740');
INSERT INTO `member` (`id`, `name`, `address`) VALUES (9, 'Amelia Fritsch', '72069 Valerie Flats Suite 903\nNew Laurianne, MS 58329');
INSERT INTO `member` (`id`, `name`, `address`) VALUES (10, 'Camila Weissnat', '70168 Meaghan Village Suite 957\nEast Maverickside, TN 97689-2103');
INSERT INTO `member` (`id`, `name`, `address`) VALUES (11, 'Hank Haley', '342 Terry Divide\nEast Staceytown, NV 89534-7675');
INSERT INTO `member` (`id`, `name`, `address`) VALUES (12, 'Dr. Wilber Howe PhD', '8450 Oberbrunner Crossing\nEichmannport, KS 51728');
INSERT INTO `member` (`id`, `name`, `address`) VALUES (13, 'Dillon Cummerata', '536 Chadrick Wells\nNorth Laishastad, VA 43115');
INSERT INTO `member` (`id`, `name`, `address`) VALUES (14, 'Callie Lakin', '32024 Satterfield Pike\nSchulistview, MO 93156-2790');
INSERT INTO `member` (`id`, `name`, `address`) VALUES (15, 'Roosevelt Rau I', '973 Ciara Locks\nBradyberg, HI 07470');
INSERT INTO `member` (`id`, `name`, `address`) VALUES (16, 'Dr. Margie Borer I', '30103 Ledner Ferry\nEast Hubertview, UT 31113');
INSERT INTO `member` (`id`, `name`, `address`) VALUES (17, 'Kade O\'Kon', '90102 Goyette Road\nLake Madisyn, GA 54418-7202');
INSERT INTO `member` (`id`, `name`, `address`) VALUES (18, 'Josianne Schmitt I', '90565 Dena Lane Apt. 318\nSouth Katrine, CT 07138');
INSERT INTO `member` (`id`, `name`, `address`) VALUES (19, 'Yoshiko Kilback', '126 Turcotte Passage\nWest Aniya, HI 36551');
INSERT INTO `member` (`id`, `name`, `address`) VALUES (20, 'Mrs. Malika O\'Conner III', '347 Velma Vista\nWaelchifort, TN 31554');
INSERT INTO `member` (`id`, `name`, `address`) VALUES (21, 'Jordon Will', '992 Walsh Ville\nSouth Napoleon, HI 68541');
INSERT INTO `member` (`id`, `name`, `address`) VALUES (22, 'Miss Dora Koss', '27483 Madison Crescent\nRueckerburgh, CT 04666');
INSERT INTO `member` (`id`, `name`, `address`) VALUES (23, 'Cristina Connelly V', '16725 Lebsack Light\nSouth Ahmad, WI 25954');
INSERT INTO `member` (`id`, `name`, `address`) VALUES (24, 'Sebastian Jakubowski', '756 Weldon Dam Suite 617\nNew Verla, TN 84293-4783');
INSERT INTO `member` (`id`, `name`, `address`) VALUES (25, 'Miss Syble Leannon II', '662 Eulalia Spurs Apt. 983\nLake Lera, ID 21457');
INSERT INTO `member` (`id`, `name`, `address`) VALUES (26, 'Prof. Skyla Mertz Jr.', '783 Friesen Lane\nJedediahton, PA 26777-9298');
INSERT INTO `member` (`id`, `name`, `address`) VALUES (27, 'Willard Hermiston', '91669 Christian Haven\nO\'Haraburgh, MT 03535-8747');
INSERT INTO `member` (`id`, `name`, `address`) VALUES (28, 'Josephine Kuhlman I', '96538 Gislason Squares\nFaheyborough, NH 29506-1821');
INSERT INTO `member` (`id`, `name`, `address`) VALUES (29, 'Sylvan Nader', '477 Hermann Dam\nLindsaybury, AR 05729');
INSERT INTO `member` (`id`, `name`, `address`) VALUES (30, 'Ms. Ilene Labadie', '7383 Hane Springs\nPenelopefurt, AR 34743-2757');
INSERT INTO `member` (`id`, `name`, `address`) VALUES (31, 'Antonio Maggio', '2451 Quitzon Meadow\nAliaside, WV 79704');
INSERT INTO `member` (`id`, `name`, `address`) VALUES (32, 'Brigitte Stiedemann', '221 Hudson Hills Apt. 391\nFidelmouth, WA 44627-1173');
INSERT INTO `member` (`id`, `name`, `address`) VALUES (33, 'Amanda Murazik DDS', '200 DuBuque Points Suite 477\nMarielaside, TX 41244');
INSERT INTO `member` (`id`, `name`, `address`) VALUES (34, 'Gabriel O\'Keefe', '4074 Jenkins Crossing\nSouth Jailynside, GA 74553');
INSERT INTO `member` (`id`, `name`, `address`) VALUES (35, 'Edmund Trantow', '044 Pasquale Hills Apt. 491\nJulienhaven, TN 29472');
INSERT INTO `member` (`id`, `name`, `address`) VALUES (36, 'Amalia Luettgen', '7784 Carolina Roads Apt. 357\nFeestmouth, AK 02290');
INSERT INTO `member` (`id`, `name`, `address`) VALUES (37, 'Prof. Gracie Ebert', '34117 Legros Points Suite 487\nLake Brice, SD 33026-6502');
INSERT INTO `member` (`id`, `name`, `address`) VALUES (38, 'Dr. Riley Bradtke', '5148 Kiehn Meadow\nRicehaven, OK 75219');
INSERT INTO `member` (`id`, `name`, `address`) VALUES (39, 'Camylle Rempel', '0862 Mable Hills Suite 090\nWest Devante, AL 10663-9909');
INSERT INTO `member` (`id`, `name`, `address`) VALUES (40, 'Hector Altenwerth MD', '688 Farrell Viaduct\nRyannburgh, TN 77179');
INSERT INTO `member` (`id`, `name`, `address`) VALUES (41, 'Mrs. Cassie Douglas I', '0589 Jacobi Track\nNew Dedric, WY 54787');
INSERT INTO `member` (`id`, `name`, `address`) VALUES (42, 'Emelia Kuhn', '0068 Erika Brooks Suite 092\nEmiliaborough, MA 00748-8617');
INSERT INTO `member` (`id`, `name`, `address`) VALUES (43, 'Demetris Wisozk', '47595 Pedro Courts\nWest Bell, ID 66111');
INSERT INTO `member` (`id`, `name`, `address`) VALUES (44, 'Maxie Lind', '805 Buckridge Road Suite 054\nPort Jaimetown, TN 09317');
INSERT INTO `member` (`id`, `name`, `address`) VALUES (45, 'Susie Johnston', '163 Daron Plaza Suite 150\nEast Forrest, WV 17944-6371');
INSERT INTO `member` (`id`, `name`, `address`) VALUES (46, 'Rosie Collins I', '1712 Joanie Cliffs Suite 291\nBaileyhaven, MO 00404-0645');
INSERT INTO `member` (`id`, `name`, `address`) VALUES (47, 'Dr. Immanuel Champlin II', '6957 Javier Burgs\nSouth Conner, ME 77327-8229');
INSERT INTO `member` (`id`, `name`, `address`) VALUES (48, 'Miss Raphaelle Dooley', '551 Kunde Field Apt. 088\nSabrinaside, VT 62216');
INSERT INTO `member` (`id`, `name`, `address`) VALUES (49, 'Mr. Javier Shanahan', '082 Karen Landing\nCotyshire, SC 37164-5926');
INSERT INTO `member` (`id`, `name`, `address`) VALUES (50, 'Mikayla Medhurst', '144 Loren Divide\nLake Mose, IL 83244');
INSERT INTO `member` (`id`, `name`, `address`) VALUES (51, 'Miss Ericka Wuckert DDS', '4968 Grimes Road Apt. 184\nNorth Coltshire, DC 97311-4368');
INSERT INTO `member` (`id`, `name`, `address`) VALUES (52, 'Mr. Abner Purdy V', '352 Mireille Corners Apt. 596\nKirstinton, VT 26681');
INSERT INTO `member` (`id`, `name`, `address`) VALUES (53, 'Kasandra Howell', '26250 Gaylord Wells\nHilllport, NV 50836');
INSERT INTO `member` (`id`, `name`, `address`) VALUES (54, 'Judy Conroy', '916 Wunsch Trace\nNew Makenzietown, NH 72847-4553');
INSERT INTO `member` (`id`, `name`, `address`) VALUES (55, 'Nya Sipes Jr.', '4529 Lavinia Green\nZoilaburgh, NE 61046');
INSERT INTO `member` (`id`, `name`, `address`) VALUES (56, 'Jordi Deckow', '21673 Antoinette Ferry\nPort Narciso, NE 64594-0389');
INSERT INTO `member` (`id`, `name`, `address`) VALUES (57, 'Jasper Schaden', '42951 Becker Brooks Apt. 207\nEast Aaliyah, SC 31718');
INSERT INTO `member` (`id`, `name`, `address`) VALUES (58, 'Elouise Nolan', '950 Weissnat Road Apt. 309\nLenorastad, AL 11120');
INSERT INTO `member` (`id`, `name`, `address`) VALUES (59, 'Mrs. Laisha Reichel III', '98047 Laura Crescent\nSouth Kaela, AZ 99909');
INSERT INTO `member` (`id`, `name`, `address`) VALUES (60, 'Mrs. Wanda Towne IV', '383 Beth Knolls\nLake Jed, KY 84958-6885');
INSERT INTO `member` (`id`, `name`, `address`) VALUES (61, 'Mrs. Katlyn Pagac', '0588 Emmalee Court\nEast Michaela, IL 66725-0655');
INSERT INTO `member` (`id`, `name`, `address`) VALUES (62, 'Alvera Aufderhar DVM', '981 Jevon Field\nAlexandrinetown, TX 48401-7874');
INSERT INTO `member` (`id`, `name`, `address`) VALUES (63, 'Morgan Marquardt', '5863 Halvorson Route Suite 284\nNew Adrianachester, SD 55536-9416');
INSERT INTO `member` (`id`, `name`, `address`) VALUES (64, 'Jordy Parker', '457 Welch Prairie Apt. 624\nMarlonchester, IN 99704');
INSERT INTO `member` (`id`, `name`, `address`) VALUES (65, 'Stefanie Rosenbaum', '26744 Swaniawski Burg Apt. 742\nLake Rickiechester, AL 00854');
INSERT INTO `member` (`id`, `name`, `address`) VALUES (66, 'Summer Daugherty', '06823 Jaren Tunnel\nKleinstad, UT 91177-7226');
INSERT INTO `member` (`id`, `name`, `address`) VALUES (67, 'Lenny Wehner', '8923 Alejandrin Road Apt. 918\nBatzmouth, MD 96729');
INSERT INTO `member` (`id`, `name`, `address`) VALUES (68, 'Sebastian Wunsch', '3712 Ezra Park\nLoisburgh, AR 01641-8348');
INSERT INTO `member` (`id`, `name`, `address`) VALUES (69, 'Toby Gottlieb', '4575 Hermann Creek Apt. 688\nPort Adrianview, AZ 24248');
INSERT INTO `member` (`id`, `name`, `address`) VALUES (70, 'Dr. Isadore Zulauf', '45984 Conn Harbors Apt. 006\nWeissnatfurt, PA 14564');
INSERT INTO `member` (`id`, `name`, `address`) VALUES (71, 'Ms. Elisa O\'Connell V', '42105 Ivory Key Apt. 272\nLyricstad, MI 68830');
INSERT INTO `member` (`id`, `name`, `address`) VALUES (72, 'Gunner Haley', '065 Caesar Canyon\nWaylonport, NE 64108-5580');
INSERT INTO `member` (`id`, `name`, `address`) VALUES (73, 'Raina Dooley', '91714 Alexzander Point Suite 794\nKyrafurt, NY 20401-0990');
INSERT INTO `member` (`id`, `name`, `address`) VALUES (74, 'Christelle Anderson Sr.', '16875 Kassulke Heights\nNew Darleneside, IN 91704');
INSERT INTO `member` (`id`, `name`, `address`) VALUES (75, 'Mozelle Oberbrunner', '22893 Cormier Radial\nDouglasland, HI 42298');
INSERT INTO `member` (`id`, `name`, `address`) VALUES (76, 'Mohammed Aufderhar V', '5310 Ines Valley Apt. 342\nNorth Rosalindport, SD 36937-3185');
INSERT INTO `member` (`id`, `name`, `address`) VALUES (77, 'Zoey Stehr', '1934 Iva Crescent\nMurphychester, NV 49853');
INSERT INTO `member` (`id`, `name`, `address`) VALUES (78, 'Dr. Sarina Zboncak II', '81193 Cassin Walks Suite 476\nHeidenreichside, LA 37028');
INSERT INTO `member` (`id`, `name`, `address`) VALUES (79, 'Meggie Jast', '695 Heidenreich Ports\nRichietown, OH 15412-6597');
INSERT INTO `member` (`id`, `name`, `address`) VALUES (80, 'Barton Huel', '07244 Alec Inlet Apt. 534\nLake Neilville, VT 30872');
INSERT INTO `member` (`id`, `name`, `address`) VALUES (81, 'Ms. Nedra McCullough', '0169 Mraz Inlet\nWest Josh, LA 90693');
INSERT INTO `member` (`id`, `name`, `address`) VALUES (82, 'Dr. Yasmeen Borer Jr.', '635 Allison Circles Apt. 070\nSouth Jovannyburgh, NH 07872-2692');
INSERT INTO `member` (`id`, `name`, `address`) VALUES (83, 'Jovan Langosh', '730 Ron Way Apt. 375\nDooleyview, RI 32962-0736');
INSERT INTO `member` (`id`, `name`, `address`) VALUES (84, 'Hassan Farrell', '01620 Johnson Burg\nNew Jordan, ID 08006');
INSERT INTO `member` (`id`, `name`, `address`) VALUES (85, 'Lambert Terry', '497 Parisian Wall Apt. 085\nEast Ronnyshire, IN 92482');
INSERT INTO `member` (`id`, `name`, `address`) VALUES (86, 'Dixie Kihn', '9527 Labadie Lock Suite 117\nHollyberg, ND 55652');
INSERT INTO `member` (`id`, `name`, `address`) VALUES (87, 'Sheila Feil MD', '17001 Feest Ramp\nSouth Rylan, MT 29514');
INSERT INTO `member` (`id`, `name`, `address`) VALUES (88, 'Mrs. Hattie Klocko II', '5208 Abelardo Mews\nGrantburgh, FL 51815-3194');
INSERT INTO `member` (`id`, `name`, `address`) VALUES (89, 'Darwin Predovic', '5990 Konopelski Locks Suite 383\nPort Richardport, ME 85307');
INSERT INTO `member` (`id`, `name`, `address`) VALUES (90, 'Bonita Gleason', '381 Cormier Ferry Suite 534\nNew Amya, IL 72304-3883');
INSERT INTO `member` (`id`, `name`, `address`) VALUES (91, 'Ms. Ashly Purdy IV', '29791 Bobbie Village\nKaylinstad, NV 46969-4852');
INSERT INTO `member` (`id`, `name`, `address`) VALUES (92, 'Curtis Bednar Jr.', '9331 Murray Courts\nVernaview, NE 30370');
INSERT INTO `member` (`id`, `name`, `address`) VALUES (93, 'Amara Veum', '8306 Hessel Expressway Apt. 914\nRessiestad, WA 39025');
INSERT INTO `member` (`id`, `name`, `address`) VALUES (94, 'Mark McLaughlin', '69641 Sanford Brook Apt. 865\nTurnerfort, MT 33589-8518');
INSERT INTO `member` (`id`, `name`, `address`) VALUES (95, 'Boyd West', '0366 Georgiana Tunnel Suite 770\nKemmershire, NY 88136-0980');
INSERT INTO `member` (`id`, `name`, `address`) VALUES (96, 'Arne Larson PhD', '2859 Tremblay Causeway Suite 211\nLake Shawnaberg, VA 32250');
INSERT INTO `member` (`id`, `name`, `address`) VALUES (97, 'Joanie Gleason', '547 Domenick Lane\nKentonport, IA 32795-9243');
INSERT INTO `member` (`id`, `name`, `address`) VALUES (98, 'Efrain Keebler', '835 Austin Lane\nWest Kara, ND 95786-2987');
INSERT INTO `member` (`id`, `name`, `address`) VALUES (99, 'Otto Wunsch', '888 Jarret Valley Suite 340\nWest General, SC 30254');
INSERT INTO `member` (`id`, `name`, `address`) VALUES (100, 'Jamaal Hyatt Jr.', '010 Cruickshank Overpass\nRuntetown, OH 62155');


#
# TABLE STRUCTURE FOR: publisher
#

DROP TABLE IF EXISTS `publisher`;

CREATE TABLE `publisher` (
  `id` int(255) NOT NULL AUTO_INCREMENT,
  `name` varchar(255) NOT NULL,
  `address` varchar(255) NOT NULL,
  PRIMARY KEY (`id`),
  KEY `id` (`id`)
) ENGINE=InnoDB AUTO_INCREMENT=101 DEFAULT CHARSET=utf8 COLLATE=utf8_general_ci;

INSERT INTO `publisher` (`id`, `name`, `address`) VALUES (1, 'Schultz, Buckridge and Torp', '23046 Catharine Drives Apt. 040\nSheldonburgh, ND 68336');
INSERT INTO `publisher` (`id`, `name`, `address`) VALUES (2, 'Ruecker, Raynor and Mertz', '810 Lehner Turnpike Suite 266\nEast Bertha, DC 43153');
INSERT INTO `publisher` (`id`, `name`, `address`) VALUES (3, 'Hane Ltd', '2563 Soledad Terrace Apt. 773\nKrystelchester, WY 33152');
INSERT INTO `publisher` (`id`, `name`, `address`) VALUES (4, 'Durgan-Wolf', '23143 Bailey Shoals\nPort Cheyenneside, CT 36144');
INSERT INTO `publisher` (`id`, `name`, `address`) VALUES (5, 'Ebert, Kutch and Hauck', '9900 Rosendo Spurs\nErwinport, WI 48436-5710');
INSERT INTO `publisher` (`id`, `name`, `address`) VALUES (6, 'Jakubowski-Breitenberg', '8528 Halvorson Vista Apt. 040\nBeckerberg, MS 17963-0247');
INSERT INTO `publisher` (`id`, `name`, `address`) VALUES (7, 'Skiles, Windler and Jerde', '326 Princess Route\nEast Maxime, NC 64211');
INSERT INTO `publisher` (`id`, `name`, `address`) VALUES (8, 'Runte Group', '28155 Hintz Glen Apt. 614\nEast Kimshire, AR 28727');
INSERT INTO `publisher` (`id`, `name`, `address`) VALUES (9, 'Schiller, Mohr and Schumm', '1715 Blanda Vista\nKirkbury, CA 96824');
INSERT INTO `publisher` (`id`, `name`, `address`) VALUES (10, 'Gerlach Ltd', '35321 Daniela Mission Apt. 680\nLake Aleen, VT 91847');
INSERT INTO `publisher` (`id`, `name`, `address`) VALUES (11, 'Lesch-Roob', '113 O\'Conner Drives Suite 200\nSouth Gudrunview, SC 95783');
INSERT INTO `publisher` (`id`, `name`, `address`) VALUES (12, 'Goldner-Daniel', '9760 Sipes Park Apt. 832\nAntwonberg, SC 24223');
INSERT INTO `publisher` (`id`, `name`, `address`) VALUES (13, 'Lynch-Fay', '5678 O\'Conner Viaduct Apt. 509\nElsaland, OK 61562-0681');
INSERT INTO `publisher` (`id`, `name`, `address`) VALUES (14, 'Cruickshank Ltd', '43997 Ophelia Viaduct Suite 813\nVitabury, VA 36220-1767');
INSERT INTO `publisher` (`id`, `name`, `address`) VALUES (15, 'Goyette-Crooks', '747 Emelia Tunnel Apt. 292\nAnitamouth, WA 43294-9494');
INSERT INTO `publisher` (`id`, `name`, `address`) VALUES (16, 'O\'Connell-McLaughlin', '012 Reichert Brook\nPort Arely, AK 14808');
INSERT INTO `publisher` (`id`, `name`, `address`) VALUES (17, 'Morissette-Nitzsche', '3254 Logan Light\nKertzmannshire, WY 23559');
INSERT INTO `publisher` (`id`, `name`, `address`) VALUES (18, 'Swaniawski, Kuvalis and Macejkovic', '42505 Zoey Hill\nLake Darrinmouth, MA 10821');
INSERT INTO `publisher` (`id`, `name`, `address`) VALUES (19, 'Swift, Weber and Powlowski', '42067 Nasir Square Suite 079\nFadelton, ME 46216');
INSERT INTO `publisher` (`id`, `name`, `address`) VALUES (20, 'Dietrich-Stokes', '9154 O\'Conner Summit Apt. 798\nNew Sonya, MT 49757-7242');
INSERT INTO `publisher` (`id`, `name`, `address`) VALUES (21, 'Pfannerstill Ltd', '3870 Garrison Point Apt. 183\nWest Elvisberg, NY 34057');
INSERT INTO `publisher` (`id`, `name`, `address`) VALUES (22, 'Huel LLC', '80566 Terence Plain Apt. 413\nLake Mittie, LA 14490-5487');
INSERT INTO `publisher` (`id`, `name`, `address`) VALUES (23, 'Jacobi, Mohr and Russel', '6751 Marquis Courts Suite 036\nJulieshire, DC 00888');
INSERT INTO `publisher` (`id`, `name`, `address`) VALUES (24, 'Heaney-Baumbach', '173 Deon Ridges Apt. 058\nSchowalterton, LA 92411-2178');
INSERT INTO `publisher` (`id`, `name`, `address`) VALUES (25, 'Tromp-Walker', '556 Wehner Expressway Apt. 428\nSporertown, MA 94549-2514');
INSERT INTO `publisher` (`id`, `name`, `address`) VALUES (26, 'Schroeder-Tromp', '289 Keshawn Way Suite 003\nEast Verniceton, FL 73704-5044');
INSERT INTO `publisher` (`id`, `name`, `address`) VALUES (27, 'Wilkinson-Hagenes', '8381 Kris Mount Suite 755\nNorth Dena, RI 45715-2596');
INSERT INTO `publisher` (`id`, `name`, `address`) VALUES (28, 'Kshlerin, Herzog and Dooley', '8773 Reuben Motorway Apt. 968\nIsidrohaven, NH 85409-8780');
INSERT INTO `publisher` (`id`, `name`, `address`) VALUES (29, 'Hane PLC', '014 Jacobson Mews Suite 608\nLake Jillianview, KY 77087');
INSERT INTO `publisher` (`id`, `name`, `address`) VALUES (30, 'Lindgren-Wolf', '3759 Scottie Drive Suite 408\nPort Frederik, PA 67756-6387');
INSERT INTO `publisher` (`id`, `name`, `address`) VALUES (31, 'Sawayn-King', '4343 Toney Path Apt. 206\nTreutelview, WI 71224');
INSERT INTO `publisher` (`id`, `name`, `address`) VALUES (32, 'Barton LLC', '477 Swaniawski Point\nWest Cristophermouth, NM 25955');
INSERT INTO `publisher` (`id`, `name`, `address`) VALUES (33, 'Bradtke, Satterfield and Smitham', '642 Celestine Common Suite 949\nTravisfurt, MT 01410');
INSERT INTO `publisher` (`id`, `name`, `address`) VALUES (34, 'Gibson-Stamm', '8492 Martine Points Apt. 174\nTristinside, IA 55040-9149');
INSERT INTO `publisher` (`id`, `name`, `address`) VALUES (35, 'Wolf, Friesen and Wintheiser', '55502 Annabelle Stravenue Apt. 679\nWest Natfurt, OK 23109');
INSERT INTO `publisher` (`id`, `name`, `address`) VALUES (36, 'Hansen-Kulas', '45785 Damian Mall\nNew Constance, VT 80432-3414');
INSERT INTO `publisher` (`id`, `name`, `address`) VALUES (37, 'Langosh-Lebsack', '27703 Hartmann Villages\nLake Domenico, MT 96483');
INSERT INTO `publisher` (`id`, `name`, `address`) VALUES (38, 'Farrell LLC', '0589 Ullrich Bridge Apt. 660\nCassintown, NE 37855');
INSERT INTO `publisher` (`id`, `name`, `address`) VALUES (39, 'Koepp, Weissnat and Hills', '395 Brionna Square Suite 650\nNorth Marleyshire, WY 64368-9818');
INSERT INTO `publisher` (`id`, `name`, `address`) VALUES (40, 'Dickens Ltd', '1908 Roy Bypass\nEast Jeremieshire, DC 40773-2803');
INSERT INTO `publisher` (`id`, `name`, `address`) VALUES (41, 'Koss-Gutmann', '832 Joan Keys\nBernardberg, MO 65167-7357');
INSERT INTO `publisher` (`id`, `name`, `address`) VALUES (42, 'Durgan LLC', '4408 Ruecker Drive Suite 660\nPort Zena, NM 38764');
INSERT INTO `publisher` (`id`, `name`, `address`) VALUES (43, 'Monahan-Robel', '1634 Lou Loop Suite 826\nNellietown, MD 70430-9461');
INSERT INTO `publisher` (`id`, `name`, `address`) VALUES (44, 'Reynolds LLC', '76978 Henry Motorway Apt. 225\nVidalfurt, NY 92403');
INSERT INTO `publisher` (`id`, `name`, `address`) VALUES (45, 'Crist, Howell and Volkman', '3796 Mona Hollow Apt. 155\nNorth Antwan, NM 06877-3264');
INSERT INTO `publisher` (`id`, `name`, `address`) VALUES (46, 'Kovacek and Sons', '72219 Faye Falls Suite 398\nSouth Jarodland, OH 14819-5147');
INSERT INTO `publisher` (`id`, `name`, `address`) VALUES (47, 'Hoppe, Torphy and Hilll', '1359 Shawn Causeway\nSouth Natasha, UT 70864');
INSERT INTO `publisher` (`id`, `name`, `address`) VALUES (48, 'Kutch Group', '880 Amya Parkway Apt. 878\nVidalhaven, AL 02123-4861');
INSERT INTO `publisher` (`id`, `name`, `address`) VALUES (49, 'Christiansen Group', '84347 Lind Crest\nLake Billstad, NE 26084-5379');
INSERT INTO `publisher` (`id`, `name`, `address`) VALUES (50, 'Wehner-Torp', '417 Destany Terrace Apt. 950\nRetamouth, AK 21774');
INSERT INTO `publisher` (`id`, `name`, `address`) VALUES (51, 'Kemmer-Mills', '063 Jennyfer Plaza Apt. 571\nHettingerstad, VA 50261');
INSERT INTO `publisher` (`id`, `name`, `address`) VALUES (52, 'Bernhard, O\'Connell and Beier', '7326 Leland Loaf Apt. 930\nPort Ulisesshire, UT 30768-6330');
INSERT INTO `publisher` (`id`, `name`, `address`) VALUES (53, 'Hane, Connelly and Quigley', '708 Madilyn Heights Suite 426\nNoeliaton, OH 03454');
INSERT INTO `publisher` (`id`, `name`, `address`) VALUES (54, 'Kovacek-Bartell', '225 Matilde Parkway Apt. 112\nPort Micahborough, GA 42574-3624');
INSERT INTO `publisher` (`id`, `name`, `address`) VALUES (55, 'Corkery PLC', '6587 Carley Manors Suite 098\nErdmanborough, KS 73986');
INSERT INTO `publisher` (`id`, `name`, `address`) VALUES (56, 'Muller-Bogan', '44568 Virgil Ranch\nEdgarbury, WA 06324');
INSERT INTO `publisher` (`id`, `name`, `address`) VALUES (57, 'Weissnat, Hilll and Kohler', '60531 Keeling Squares Suite 662\nGraceview, NY 43989');
INSERT INTO `publisher` (`id`, `name`, `address`) VALUES (58, 'Schulist and Sons', '739 Ratke Tunnel\nNorth Baronside, AZ 37641');
INSERT INTO `publisher` (`id`, `name`, `address`) VALUES (59, 'O\'Hara, Abshire and Medhurst', '48007 Larissa Alley Suite 820\nJoanmouth, IL 93124');
INSERT INTO `publisher` (`id`, `name`, `address`) VALUES (60, 'Schinner, Haley and DuBuque', '3442 Nicola Garden\nEast Toyshire, ID 67497-1312');
INSERT INTO `publisher` (`id`, `name`, `address`) VALUES (61, 'Herzog and Sons', '41469 Gay Forge\nSouth Luna, CA 00499-1502');
INSERT INTO `publisher` (`id`, `name`, `address`) VALUES (62, 'Hammes LLC', '696 Dejuan Grove Suite 969\nPort Elijah, MT 29016-6678');
INSERT INTO `publisher` (`id`, `name`, `address`) VALUES (63, 'Hoeger-Morissette', '698 Avery Street\nPort Anitaside, WY 54764-3212');
INSERT INTO `publisher` (`id`, `name`, `address`) VALUES (64, 'Predovic, Larkin and Hyatt', '281 Jerde Extension\nJohnnieberg, UT 46608');
INSERT INTO `publisher` (`id`, `name`, `address`) VALUES (65, 'Gerhold-Zulauf', '24891 Josue Harbors\nNew Colestad, VA 81004');
INSERT INTO `publisher` (`id`, `name`, `address`) VALUES (66, 'Ratke, Pfannerstill and Spinka', '444 Feest Ports Suite 707\nLewhaven, AR 22815');
INSERT INTO `publisher` (`id`, `name`, `address`) VALUES (67, 'Predovic-Lubowitz', '8913 Satterfield Unions Suite 001\nWest Ritastad, NJ 47649-6729');
INSERT INTO `publisher` (`id`, `name`, `address`) VALUES (68, 'Haag LLC', '297 Altenwerth Lights\nSchadenville, TX 94294');
INSERT INTO `publisher` (`id`, `name`, `address`) VALUES (69, 'Hickle, Dach and Huels', '0461 Liza Heights Apt. 461\nSouth Rosalindachester, OK 63047');
INSERT INTO `publisher` (`id`, `name`, `address`) VALUES (70, 'Stiedemann, Christiansen and Runte', '7374 Dach Rue\nLake Alvischester, HI 40717');
INSERT INTO `publisher` (`id`, `name`, `address`) VALUES (71, 'Berge Ltd', '85648 Powlowski Well\nWest Charlotte, NE 06175');
INSERT INTO `publisher` (`id`, `name`, `address`) VALUES (72, 'Kunze and Sons', '67040 Savannah Stream Apt. 038\nAngelinefort, ME 62314-5029');
INSERT INTO `publisher` (`id`, `name`, `address`) VALUES (73, 'Bins, O\'Keefe and Jerde', '107 Chloe Road Apt. 689\nEast Reece, GA 29303');
INSERT INTO `publisher` (`id`, `name`, `address`) VALUES (74, 'Jakubowski-Streich', '79283 Esperanza Row Apt. 901\nNew Madie, IL 62092-5394');
INSERT INTO `publisher` (`id`, `name`, `address`) VALUES (75, 'Boyer Group', '2210 Willms Shore Suite 095\nColintown, ME 08143-0771');
INSERT INTO `publisher` (`id`, `name`, `address`) VALUES (76, 'Abbott, Douglas and Schmeler', '49757 Marlee View\nNorth Raheemhaven, NC 47838-9814');
INSERT INTO `publisher` (`id`, `name`, `address`) VALUES (77, 'Kiehn, Koepp and Nienow', '102 Kilback Burg Suite 219\nNorth Quentinview, VA 77612');
INSERT INTO `publisher` (`id`, `name`, `address`) VALUES (78, 'Abernathy, Ebert and Schinner', '164 Pauline Wall\nLake Araceli, FL 34071-5023');
INSERT INTO `publisher` (`id`, `name`, `address`) VALUES (79, 'Walker, Ratke and Shields', '072 Ford Burgs Suite 896\nEdenville, DC 89445-3036');
INSERT INTO `publisher` (`id`, `name`, `address`) VALUES (80, 'Medhurst, Heidenreich and Upton', '019 Maxwell Isle\nNienowmouth, MO 36256-8778');
INSERT INTO `publisher` (`id`, `name`, `address`) VALUES (81, 'Bruen Group', '2506 Vida Prairie\nBradtketon, NJ 07977');
INSERT INTO `publisher` (`id`, `name`, `address`) VALUES (82, 'Reilly-Spencer', '475 Monique Isle\nLueilwitzfort, NV 20750');
INSERT INTO `publisher` (`id`, `name`, `address`) VALUES (83, 'Gottlieb-Flatley', '00065 Bernhard Rue Suite 266\nLake General, MT 76969');
INSERT INTO `publisher` (`id`, `name`, `address`) VALUES (84, 'Bayer, Trantow and Graham', '57580 Vincenzo Ville Apt. 386\nDuBuquehaven, NC 95856');
INSERT INTO `publisher` (`id`, `name`, `address`) VALUES (85, 'Mayert Group', '94055 Howard Valleys Suite 361\nSchusterstad, VA 91539-1666');
INSERT INTO `publisher` (`id`, `name`, `address`) VALUES (86, 'Lockman-Hirthe', '851 Vita Union Apt. 848\nEast Trehaven, MN 55635-8457');
INSERT INTO `publisher` (`id`, `name`, `address`) VALUES (87, 'Bayer, Lebsack and Kunde', '22829 Jamie Ports\nChristiansenville, NY 39843');
INSERT INTO `publisher` (`id`, `name`, `address`) VALUES (88, 'Reichert PLC', '2259 Littel Islands Apt. 342\nNew Elyssa, NJ 06708');
INSERT INTO `publisher` (`id`, `name`, `address`) VALUES (89, 'Rice LLC', '35331 Larson Well\nNorth Ambrose, CO 11877-9772');
INSERT INTO `publisher` (`id`, `name`, `address`) VALUES (90, 'Mann, Mann and Abbott', '2817 Connelly Springs\nJaimemouth, MO 51963-5637');
INSERT INTO `publisher` (`id`, `name`, `address`) VALUES (91, 'Keeling Ltd', '599 Gaylord Mission\nLangworthborough, CT 32827-8007');
INSERT INTO `publisher` (`id`, `name`, `address`) VALUES (92, 'Grady Inc', '9838 Toy Ferry\nCathyshire, ND 44585');
INSERT INTO `publisher` (`id`, `name`, `address`) VALUES (93, 'Ryan, Ebert and Homenick', '6969 Schneider Plaza Suite 981\nLitzymouth, WA 88911-3130');
INSERT INTO `publisher` (`id`, `name`, `address`) VALUES (94, 'Dach, Funk and Russel', '20020 Rita Burg\nPagacton, MO 51120');
INSERT INTO `publisher` (`id`, `name`, `address`) VALUES (95, 'Bashirian, Sporer and Goodwin', '6599 Tatum Cliffs\nEast Maurice, PA 75632');
INSERT INTO `publisher` (`id`, `name`, `address`) VALUES (96, 'Raynor, Bode and Tromp', '879 Bergnaum Valley\nLarkinmouth, NY 13929');
INSERT INTO `publisher` (`id`, `name`, `address`) VALUES (97, 'Dickens-Gutkowski', '77766 Amely Roads Apt. 593\nNew Coralie, CT 91748-9607');
INSERT INTO `publisher` (`id`, `name`, `address`) VALUES (98, 'Haag-Marvin', '83114 Roman Gateway\nEast Sydnee, ND 76424-8127');
INSERT INTO `publisher` (`id`, `name`, `address`) VALUES (99, 'Reilly-Lemke', '65475 Corine Shoal\nAngelineborough, ME 23227-5315');
INSERT INTO `publisher` (`id`, `name`, `address`) VALUES (100, 'Stamm Inc', '61497 Nicolas Land Apt. 368\nNew Wilfred, WY 73190');


